time,pnl,long_pnl,benchmark_ret,cum_pnl,cum_long_pnl,cum_benchmark_ret,excess_ret,cum_excess_ret,turnover
2018-12-24,0.0,0.0,0.0,0.0,0.0,0.0,0.0,0.0,0.0
2018-12-25,0.00019863783507600692,-4.823835278278389e-05,-0.004466594876472385,0.00019863783507600692,-4.823835278278389e-05,-0.004466594876472385,0.004418356523689601,0.004418356523689601,0.05
2018-12-26,0.00023817129600077597,-0.0015397502520308488,-0.01566199088918374,0.0004368091310767829,-0.0015879886048136326,-0.020128585765656126,0.014122240637152892,0.018540597160842495,0.049999999999999996
2018-12-27,3.825011871418639e-05,0.00025493385297717245,0.0012130765965281398,0.00047505924979096933,-0.00133305475183646,-0.018915509169127986,-0.0009581427435509674,0.017582454417291525,0.05
2018-12-28,0.00012579440352405034,-0.0004838517987150681,-0.004864744744491389,0.0006008536533150196,-0.001816906550551528,-0.023780253913619376,0.004380892945776321,0.021963347363067848,0.049999999999999996
2019-01-02,-0.00011203589332033653,-0.0017748477965526133,-0.007209050693329999,0.0004888177599946831,-0.0035917543471041414,-0.030989304606949375,0.005434202896777386,0.027397550259845235,0.05
2019-01-03,-0.0015545529730355415,0.007525577799495034,0.027277970536404794,-0.0010657352130408583,0.0039338234523908925,-0.0037113340705445808,-0.01975239273690976,0.007645157522935473,0.049999999999999996
2019-01-04,0.00011411261325183765,0.007646409978964901,0.021174231613761307,-0.0009516225997890207,0.011580233431355794,0.017462897543216727,-0.013527821634796405,-0.005882664111860933,0.05000000000000001
2019-01-07,0.0005937129005903332,-0.00045318408977097096,-0.001986169200630883,-0.00035790969919868745,0.011127049341584823,0.015476728342585844,0.001532985110859912,-0.004349679001001021,0.05
2019-01-08,-0.0006052151024029089,0.00021822369711308362,0.0021146504889717477,-0.0009631248016015964,0.011345273038697907,0.01759137883155759,-0.001896426791858664,-0.006246105792859684,0.05
2019-01-09,0.0010262877307868979,-0.0008699865651038952,-0.0026708971888265154,6.316292918530147e-05,0.010475286473594012,0.014920481642731076,0.0018009106237226202,-0.0044451951691370645,0.05
2019-01-10,-0.0019703473530493245,0.004238271424951485,0.008502355020258534,-0.001907184423864023,0.014713557898545497,0.02342283666298961,-0.004264083595307049,-0.008709278764444113,0.05
2019-01-11,0.001987891586586718,-0.0021836801478148566,-0.0059508188635017945,8.070716272269487e-05,0.012529877750730641,0.017472017799487816,0.003767138715686938,-0.004942140048757175,0.05
2019-01-14,-0.003152203372565692,0.0057968741380233215,0.010819410902016102,-0.003071496209842997,0.01832675188875396,0.028291428701503918,-0.005022536763992781,-0.009964676812749956,0.05
2019-01-15,-0.0024094465775985675,-0.002006486438981073,-0.0015018486314648527,-0.005480942787441564,0.01632026544977289,0.026789580070039065,-0.0005046378075162202,-0.010469314620266176,0.049999999999999996
2019-01-16,0.0040590450614655625,-0.004720581608657152,-0.009034636209930724,-0.0014218977259760016,0.011599683841115737,0.01775494386010834,0.004314054601273572,-0.006155260018992604,0.05
2019-01-17,-0.00237927913116346,0.003332143289309253,0.0067064066707889225,-0.0038011768571394617,0.01493182713042499,0.024461350530897263,-0.0033742633814796696,-0.009529523400472273,0.049999999999999996
2019-01-18,8.397201447014912e-05,0.005015573966096892,0.0061838321603762125,-0.003717204842669313,0.019947401096521884,0.030645182691273476,-0.0011682581942793202,-0.010697781594751592,0.05
2019-01-21,0.005121021560503173,-0.006744960960143303,-0.011213326276042324,0.0014038167178338605,0.013202440136378581,0.019431856415231152,0.004468365315899021,-0.006229416278852571,0.05
2019-01-22,0.0030951499944684266,0.003565390547569777,0.0014044261022441162,0.004498966712302287,0.016767830683948357,0.02083628251747527,0.002160964445325661,-0.004068451833526911,0.049999999999999996
2019-01-23,-0.0044922377592997356,0.003695977560346672,0.005640667605446126,6.728953002551122e-06,0.02046380824429503,0.026476950122921394,-0.001944690045099454,-0.006013141878626366,0.049999999999999996
2019-01-24,0.0009610409873385692,-0.005340618230417246,-0.0060154716399853925,0.0009677699403411203,0.015123190013877783,0.020461478482936002,0.0006748534095681463,-0.005338288469058219,0.027275406903147156
2019-01-25,0.002565747619393418,-0.008036884240932799,-0.008181390766456076,0.003533517559734538,0.007086305772944983,0.012280087716479926,0.00014450652552327678,-0.005193781943534943,0.026642096629191474
2019-01-28,0.00611156248527093,-0.015372781474645422,-0.017736448581528563,0.009645080045005468,-0.008286475701700439,-0.005456360865048637,0.002363667106883141,-0.0028301148366518016,0.02568569121652243
2019-01-29,0.00340076234232098,-0.014252874027590201,-0.015015271074853231,0.013045842387326449,-0.022539349729290642,-0.02047163193990187,0.00076239704726303,-0.0020677177893887733,0.024890742072013878
2019-01-30,0.010461574901424155,-0.010813188896508128,-0.015355259517081166,0.023507417288750602,-0.03335253862579877,-0.035826891456983034,0.004542070620573038,0.0024743528311842664,0.026462774090642117
2019-01-31,-0.007569960522953017,0.023345092092128747,0.028795611898468465,0.015937456765797584,-0.010007446533670021,-0.007031279558514569,-0.005450519806339718,-0.0029761669751554518,0.026027889550543297
2019-02-01,-0.0040957342890207355,0.02606430391922588,0.028335511882730202,0.01184172247677685,0.01605685738555586,0.021304232324215633,-0.0022712079635043222,-0.005247374938659774,0.028073364948413178
2019-02-11,-0.00428278740203172,0.011269611764683971,0.01377381938684863,0.0075589350747451295,0.02732646915023983,0.03507805171106426,-0.002504207622164658,-0.007751582560824432,0.025955794790959573
2019-02-12,-0.008287111547194512,0.013961875781563337,0.017812511533353614,-0.0007281764724493822,0.04128834493180317,0.052890563244417876,-0.0038506357517902774,-0.01160221831261471,0.028291086039769934
2019-02-13,-0.0020769016142314287,0.0037282486483660015,0.004238743485574403,-0.002805078086680811,0.04501659358016917,0.05712930672999228,-0.0005104948372084018,-0.01211271314982311,0.025924477192004376
2019-02-14,-0.001141726546600628,-0.002140848507673818,-0.0013669672963825263,-0.003946804633281439,0.04287574507249535,0.05576233943360975,-0.0007738812112912915,-0.012886594361114403,0.025131190581385302
2019-02-15,-0.003920407363729597,0.03207844739308488,0.034864522693005995,-0.007867211997011035,0.07495419246558023,0.09062686212661575,-0.0027860752999211147,-0.015672669661035518,0.024363703142211632
2019-02-18,-0.0035041787731792946,0.0017473225756178114,0.004214397271095294,-0.01137139077019033,0.07670151504119804,0.09484125939771104,-0.0024670746954774826,-0.018139744356513,0.023994115182186613
2019-02-19,-0.0013709494403745467,-0.0005094418405563096,0.000662243377338001,-0.012742340210564878,0.07619207320064174,0.09550350277504904,-0.0011716852178943107,-0.019311429574407304,0.025987200575798803
2019-02-20,0.003416701536023016,-0.0024143833207723067,-0.003909635141754464,-0.00932563867454186,0.07377768987986943,0.09159386763329458,0.0014952518209821572,-0.017816177753425144,0.02640395040201543
2019-02-21,-0.0017512504669097814,0.02034646896844175,0.022355149241992223,-0.011076889141451642,0.09412415884831118,0.1139490168752868,-0.0020086802735504727,-0.019824858026975617,0.026696210637723195
2019-02-22,-0.005771747359585929,0.0453538766219727,0.05100182938014264,-0.016848636501037573,0.13947803547028387,0.16495084625542944,-0.005647952758169941,-0.025472810785145572,0.02563971284461208
2019-02-25,-0.0029088308232596183,-0.0018669149004261287,-9.197967569285481e-05,-0.01975746732429719,0.13761112056985775,0.16485886657973658,-0.001774935224733274,-0.027247746009878837,0.025332259495170453
2019-02-26,-0.00021061029440405657,-0.0024118976959385022,-0.0025358034190077205,-0.019968077618701247,0.13519922287391925,0.16232306316072886,0.00012390572306921832,-0.027123840286809614,0.027933238004625275
2019-02-27,-0.0021030723815227267,0.003102109776263628,0.003771347094723154,-0.022071150000223975,0.13830133265018288,0.16609441025545202,-0.0006692373184595262,-0.02779307760526914,0.02605726648966675
2019-02-28,0.0028986369163915672,0.00746248828110991,0.006363338467725299,-0.01917251308383241,0.14576382093129278,0.17245774872317732,0.0010991498133846112,-0.026693927791884536,0.0257316417238879
2019-03-01,-0.002435765435232857,0.018530152291453765,0.021746232933098852,-0.021608278519065265,0.16429397322274655,0.19420398165627617,-0.0032160806416450874,-0.029910008433529617,0.023795754838637332
2019-03-04,-0.00789843501826604,0.0263595167745723,0.030892896083425825,-0.029506713537331305,0.19065348999731885,0.225096877739702,-0.004533379308853523,-0.03444338774238315,0.02387467877415808
2019-03-05,-0.003893182817513549,0.016977205706229282,0.02146253429039824,-0.03339989635484485,0.20763069570354814,0.24655941203010023,-0.0044853285841689565,-0.03892871632655209,0.02328578530799773
2019-03-06,-0.005180133145230978,0.013056715638536087,0.017217152697520888,-0.03858002950007583,0.22068741134208422,0.2637765647276211,-0.004160437058984801,-0.0430891533855369,0.02495655903086121
2019-03-07,-0.00305790191524237,-0.04261709543298844,-0.042398294775448875,-0.0416379314153182,0.17807031590909578,0.22137826995217225,-0.00021880065753956263,-0.04330795404307647,0.026796288783072858
2019-03-08,0.005586089511717023,0.04425571939270072,0.042235723852588336,-0.036051841903601174,0.2223260353017965,0.2636139938047606,0.002019995540112382,-0.04128795850296407,0.029140622473495227
2019-03-11,-0.0005119325225218538,0.020696011878641066,0.02185411337556431,-0.036563774426123026,0.24302204718043757,0.2854681071803249,-0.0011581014969232438,-0.04244605999988732,0.026324903979328403
2019-03-12,0.0057688087353188165,-0.01766082390534754,-0.023507646992738884,-0.03079496569080421,0.22536122327509003,0.261960460187586,0.005846823087391345,-0.036599236912495975,0.026102458271060246
2019-03-13,0.005726318778321617,-0.02661458905317999,-0.030755158709034447,-0.025068646912482593,0.19874663422191005,0.23120530147855156,0.004140569655854458,-0.03245866725664151,0.026368986827159043
2019-03-14,0.0028791307094980867,0.01640712768742164,0.015377548156084941,-0.022189516202984507,0.2151537619093317,0.2465828496346365,0.0010295795313366995,-0.03142908772530481,0.026120086356493454
2019-03-15,-0.005593672533130728,0.01875634117273637,0.023815307638752614,-0.027783188736115235,0.23391010308206805,0.2703981572733891,-0.0050589664660162445,-0.03648805419132106,0.027948069880079026
2019-03-18,-4.9081590513796085e-05,0.00456084221091225,0.004311755120621541,-0.027832270326629032,0.2384709452929803,0.27470991239401066,0.0002490870902907092,-0.03623896710103036,0.02832930776847599
2019-03-19,-0.0029733672956349503,-0.003502304862019893,-0.0026523265564595278,-0.030805637622263984,0.2349686404309604,0.27205758583755113,-0.0008499783055603651,-0.03708894540659072,0.026682472530002815
2019-03-20,-0.0005563929107590647,0.011741777499106138,0.010819965953382749,-0.03136203053302305,0.24671041793006654,0.2828775517909339,0.0009218115457233899,-0.03616713386086734,0.02572589011833977
2019-03-21,7.505264613197617e-05,0.004414220736308155,0.00398283451677095,-0.031286977886891075,0.2511246386663747,0.28686038630770483,0.000431386219537205,-0.03573574764133014,0.02584484265532675
2019-03-22,-0.0012885371335855122,-0.010067717359932145,-0.00886961129699948,-0.032575515020476585,0.24105692130644255,0.27799077501070535,-0.0011981060629326652,-0.0369338537042628,0.029331598013446987
2019-03-25,0.0010415560015596343,-0.02617901736158181,-0.02946225347363729,-0.03153395901891695,0.21487790394486073,0.24852852153706806,0.0032832361120554814,-0.03365061759220733,0.0282096714983068
2019-03-26,-0.0017311644735759258,0.00550207621469924,0.0065721238109670566,-0.03326512349249288,0.22037998015955998,0.2551006453480351,-0.0010700475962678166,-0.034720665188475136,0.025560344092660933
2019-03-27,-0.0037230422852880746,-0.015270960425930957,-0.013592907873633209,-0.036988165777780954,0.20510901973362902,0.2415077374744019,-0.0016780525522977485,-0.036398717740772885,0.025825478808544033
2019-03-28,0.0007573821872049886,0.026249097821845094,0.028022666471258617,-0.036230783590575966,0.2313581175554741,0.2695304039456605,-0.0017735686494135226,-0.03817228639018641,0.024966475638234432
2019-03-29,-0.0007129635090900735,0.03672715603567326,0.037604635000255016,-0.03694374709966604,0.26808527359114737,0.30713503894591554,-0.0008774789645817557,-0.03904976535476817,0.025393246804557654
2019-04-01,-0.003404545523360402,0.004092613533428667,0.0060440175281932795,-0.040348292623026444,0.272177887124576,0.3131790564741088,-0.0019514039947646127,-0.041001169349532796,0.02400908780579457
2019-04-02,-0.0022796552829777144,0.00789442144773304,0.010002340730247639,-0.04262794790600416,0.2800723085723091,0.32318139720435646,-0.0021079192825145983,-0.043109088632047377,0.025563932419086867
2019-04-03,0.0009226498511696547,0.003253835785169095,0.0036894244102061435,-0.04170529805483451,0.28332614435747816,0.3268708216145626,-0.00043558862503704837,-0.04354467725708444,0.02491554051305306
2019-04-04,0.004472754951970471,-0.0013710312763561792,-0.004780621208452018,-0.03723254310286404,0.281955113081122,0.3220902004061106,0.003409589932095839,-0.040135087324988605,0.026655485322988493
2019-04-08,-0.00235846047847065,0.0013198254514569555,0.002439666458665002,-0.03959100358133469,0.28327493853257896,0.3245298668647756,-0.0011198410072080463,-0.04125492833219663,0.027484602000146515
2019-04-09,0.003017164489282014,-0.0001588704360001817,-0.0015584318389745277,-0.036573839092052675,0.2831160680965788,0.32297143502580106,0.001399561402974346,-0.03985536692922226,0.027552749422173353
2019-04-10,-0.004670595068650966,-0.02098984084786763,-0.02086446656614882,-0.04124443416070364,0.26212622724871115,0.30210696845965224,-0.00012537428171880902,-0.039980741210941084,0.030448854594071036
2019-04-11,0.002348440254114849,-0.0007544958747570541,-0.0009412234286951815,-0.038895993906588794,0.2613717313739541,0.30116574503095705,0.00018672755393812739,-0.03979401365700297,0.032926555795784684
2019-04-12,-7.99030132251826e-05,-0.008567154886859687,-0.00808873999646842,-0.03897589691981398,0.2528045764870944,0.29307700503448864,-0.0004784148903912676,-0.04027242854739421,0.03454208238472824
2019-04-15,0.0005376288777704587,0.018894551215317988,0.02088856723367094,-0.03843826804204352,0.2716991277024124,0.3139655722681596,-0.0019940160183529523,-0.042266444565747185,0.034635371037501146
2019-04-16,-5.175605275270382e-06,0.009084925120188521,0.008749932787742054,-0.03844344364731879,0.28078405282260094,0.32271550505590163,0.00033499233244646716,-0.04193145223330069,0.03407156422156261
2019-04-17,-0.0020289780368966783,-0.005949309948332582,-0.00502794520170724,-0.04047242168421547,0.27483474287426835,0.3176875598541944,-0.0009213647466253415,-0.042852816979926045,0.037385881919290674
2019-04-18,-0.002343429704376234,0.007317918446446113,0.0084134053506979,-0.0428158513885917,0.2821526613207145,0.3261009652048923,-0.0010954869042517868,-0.04394830388417781,0.03703044661845651
2019-04-19,0.004691645211529468,-0.00850320310797278,-0.010140022896665712,-0.038124206177062234,0.2736494582127417,0.3159609423082266,0.0016368197886929316,-0.04231148409548485,0.03600211471616828
2019-04-22,0.0018792188618288032,-0.016379964164609916,-0.018561752622606065,-0.03624498731523343,0.2572694940481318,0.2973991896856205,0.0021817884579961484,-0.040129695637488694,0.035298238166312806
2019-04-23,-0.0028467317624226323,0.008889761768712989,0.012283575363113641,-0.03909171907765606,0.2661592558168448,0.30968276504873415,-0.0033938135944006527,-0.04352350923188936,0.035924856242638595
2019-04-24,0.0006966346579243848,-0.040824119268816114,-0.04206667654423413,-0.038395084419731676,0.22533513654802867,0.2676160885045,0.001242557275418013,-0.04228095195647136,0.03692572490901045
2019-04-25,0.002157285342293606,-0.010618472230052958,-0.01116899507375635,-0.03623779907743807,0.2147166643179757,0.2564470934307437,0.0005505228437033913,-0.041730429112767975,0.03656498881399536
2019-04-26,0.008289932786748914,-0.03306446741335877,-0.03699392882196939,-0.027947866290689155,0.18165219690461692,0.2194531646087743,0.00392946140861062,-0.03780096770415736,0.03851295295448517
2019-04-29,-0.0011429515044589962,0.008874138834047888,0.0105711341632162,-0.02909081779514815,0.19052633573866481,0.2300242987719905,-0.0016969953291683122,-0.03949796303332567,0.038380519406043215
2019-04-30,-0.0031707225947380665,-0.07602004137062024,-0.07972069879001609,-0.03226154038988622,0.11450629436804458,0.1503035999819744,0.0037006574193958475,-0.035797305613929825,0.03755377983437014
2019-05-06,-0.0036673335867798665,0.009329927200876253,0.012437715654863624,-0.03592887397666609,0.12383622156892082,0.16274131563683802,-0.0031077884539873705,-0.0389050940679172,0.03621384237463025
2019-05-07,-0.001712399352787892,-0.0032046807084161535,-0.0037245963870233822,-0.03764127332945398,0.12063154086050468,0.15901671924981464,0.0005199156786072287,-0.038385178389309965,0.03651392302128295
2019-05-08,-0.00022948307219873692,-0.009152502383375198,-0.010430925460584106,-0.037870756401652717,0.11147903847712948,0.14858579378923054,0.0012784230772089084,-0.03710675531210106,0.036659931594953635
2019-05-09,0.01014993145152269,0.03931703747254864,0.03888813137265501,-0.02772082495013003,0.15079607594967812,0.18747392516188555,0.0004289060998936278,-0.03667784921220743,0.03643918044533437
2019-05-10,0.004872166093481394,-0.005141955198563854,-0.007356199680605968,-0.022848658856648635,0.14565412075111425,0.18011772548127958,0.0022142444820421143,-0.034463604730165326,0.03574944625835765
2019-05-13,0.005462204539991324,-0.004768941449930411,-0.006940169441648436,-0.01738645431665731,0.14088517930118383,0.17317755603963114,0.002171227991718025,-0.032292376738447315,0.03464232658096046
2019-05-14,0.0009103601923613152,0.019652819057448673,0.021771820381703222,-0.016476094124295994,0.1605379983586325,0.19494937642133436,-0.002119001324254549,-0.034411378062701864,0.03654844634257953
2019-05-15,-0.005772395198491126,0.003109601963363561,0.007425103356403895,-0.02224848932278712,0.16364760032199607,0.20237447977773826,-0.004315501393040334,-0.038726879455742186,0.03582307949769967
2019-05-16,0.0009181905381912363,-0.03554214049977707,-0.036158677486973545,-0.021330298784595882,0.128105459822219,0.1662158022907647,0.0006165369871964782,-0.03811034246854572,0.03474451411941925
2019-05-17,0.0009900632975245586,-0.0033237875301022637,-0.0033515576468534647,-0.020340235487071322,0.12478167229211673,0.16286424464391125,2.7770116751201033e-05,-0.03808257235179452,0.033371734683860024
2019-05-20,0.0024844554934117654,0.018861577198278207,0.019550394330629217,-0.017855779993659556,0.14364324949039495,0.18241463897454047,-0.0006888171323510099,-0.03877138948414552,0.03630841176912401
2019-05-21,0.00010016013637253284,-0.006431168979078832,-0.004182824217931369,-0.017755619857287023,0.13721208051131611,0.1782318147566091,-0.002248344761147463,-0.04101973424529298,0.0367002176425759
2019-05-22,-0.004349307667295325,-0.024921481108727127,-0.02393441280708508,-0.022104927524582346,0.11229059940258898,0.15429740194952402,-0.0009870683016420453,-0.042006802546935035,0.034620049042426514
2019-05-23,0.0020833740734127687,-0.01057949244980529,-0.012810406957022735,-0.02002155345116958,0.1017111069527837,0.14148699499250128,0.0022309145072174456,-0.039775888039717586,0.03543319915617894
2019-05-24,0.0002288317009747802,0.027233988019128103,0.02915489356025347,-0.019792721750194798,0.1289450949719118,0.17064188855275475,-0.0019209055411253673,-0.04169679358084294,0.03617801684818133
2019-05-27,0.0001972245962250679,-0.0016608946876181128,-2.0281703903890502e-05,-0.01959549715396973,0.12728420028429369,0.17062160684885086,-0.0016406129837142223,-0.043337406564557174,0.03628936852475968
2019-05-28,-1.4697378020549025e-05,0.0009966616091872777,0.004097857257230331,-0.01961019453199028,0.12828086189348095,0.1747194641060812,-0.003101195648043053,-0.04643860221260024,0.03344098090503169
2019-05-29,0.004588187750473708,-0.004395638626762141,-0.006443502854741823,-0.015022006781516571,0.12388522326671882,0.16827596125133937,0.002047864227979682,-0.04439073798462055,0.03189491548992613
2019-05-30,-0.0016640691794695128,-0.0037518498537621767,-0.001448564296705257,-0.016686075960986084,0.12013337341295664,0.1668273969546341,-0.0023032855570569197,-0.04669402354167747,0.031208454068397187
2019-05-31,0.005738288537251953,-0.013733467811236232,-0.014953833657957105,-0.010947787423734132,0.10639990560172041,0.151873563296677,0.0012203658467208733,-0.04547365769495659,0.030036432450503008
2019-06-03,-0.003663486281006161,-0.019768384738552462,-0.018068145689108306,-0.014611273704740293,0.08663152086316794,0.1338054176075687,-0.0017002390494441563,-0.047173896744400756,0.029565232655022314
2019-06-04,-0.00022318770227427654,-0.0005579468418574544,-0.00048678989140249485,-0.01483446140701457,0.0860735740213105,0.1333186277161662,-7.115695045495959e-05,-0.04724505369485571,0.028618736166393953
2019-06-05,0.0030787949048555713,-0.023556260720023047,-0.025059976809773232,-0.011755666502158998,0.06251731330128744,0.10825865090639297,0.0015037160897501851,-0.04574133760510553,0.02886837484867488
2019-06-06,0.0009606058246355034,0.012283592590377642,0.013453225009333991,-0.010795060677523494,0.07480090589166509,0.12171187591572696,-0.001169632418956349,-0.046910970024061874,0.02890554022289715
2019-06-10,0.003941571119544537,0.03622231574184084,0.03671488096619768,-0.006853489557978957,0.11102322163350592,0.15842675688192465,-0.000492565224356846,-0.04740353524841873,0.029443841986176694
2019-06-11,0.0009342342921497802,-0.004190655558162507,-0.004687710630529196,-0.005919255265829177,0.10683256607534342,0.15373904625139545,0.0004970550723666887,-0.046906480176052034,0.028765348154666623
2019-06-12,-0.003243437600936711,0.006986776857790364,0.00553584212772229,-0.009162692866765888,0.11381934293313378,0.15927488837911774,0.0014509347300680738,-0.04545554544598396,0.027108317398623082
2019-06-13,-0.002060606637182469,-0.024024166638119796,-0.023129321285056292,-0.011223299503948358,0.08979517629501399,0.13614556709406145,-0.0008948453530635038,-0.04635039079904746,0.027058343606903804
2019-06-14,0.002189090433356305,0.0011486958288927918,-0.002399112930289604,-0.009034209070592053,0.09094387212390678,0.13374645416377184,0.003547808759182396,-0.04280258203986506,0.02661699222495627
2019-06-17,-7.826956595293395e-05,-0.0012495944948502525,3.985835113873293e-05,-0.009112478636544987,0.08969427762905653,0.13378631251491058,-0.0012894528459889854,-0.044092034885854045,0.024729400496978873
2019-06-18,0.001428207578088176,0.01317245029191111,0.014121622932668387,-0.007684271058456811,0.10286672792096764,0.14790793544757896,-0.000949172640757277,-0.045041207526611324,0.0279941722053052
2019-06-19,-0.0008315422934808337,0.01256259712054861,0.01573913525743542,-0.008515813351937645,0.11542932504151625,0.16364707070501439,-0.0031765381368868122,-0.04821774566349814,0.028174959772311062
2019-06-20,-0.003597474807346018,0.014194633963942558,0.01654931063572107,-0.012113288159283662,0.1296239590054588,0.18019638134073546,-0.002354676671778513,-0.050572422335276646,0.02808170889963073
2019-06-21,0.0005510061709337097,-0.0011258289801778754,-0.0004147888268821731,-0.011562281988349953,0.12849813002528093,0.17978159251385328,-0.0007110401532957023,-0.05128346248857235,0.027035495660324368
2019-06-24,0.0024671126698255544,-0.008554956533131469,-0.009689696681142834,-0.009095169318524398,0.11994317349214946,0.17009189583271045,0.0011347401480113657,-0.05014872234056099,0.027235964086557846
2019-06-25,0.00047064908402353874,0.00018541118429754456,-5.583439117451405e-05,-0.00862452023450086,0.120128584676447,0.17003606144153594,0.0002412455754720586,-0.04990747676508893,0.027337836916206847
2019-06-26,0.004087767798258876,0.00868195221717254,0.008592547498313508,-0.004536752436241984,0.12881053689361954,0.17862860893984944,8.940471885903259e-05,-0.0498180720462299,0.02794273512584448
2019-06-27,0.0020825361728856835,-0.01294866702493143,-0.01420642783548054,-0.0024542162633563007,0.11586186986868811,0.1644221811043689,0.0012577608105491089,-0.04856031123568079,0.02800799900373715
2019-06-28,-0.00022623693551985995,0.027235670629892895,0.029619464948842378,-0.0026804531988761605,0.143097540498581,0.19404164605321128,-0.002383794318949483,-0.050944105554630276,0.02734179889228912
2019-07-01,-0.001012695669551266,-0.0010579362043304256,0.00038420696810170796,-0.0036931488684274266,0.14203960429425058,0.194425853021313,-0.0014421431724321336,-0.05238624872706241,0.028087541272299933
2019-07-02,-0.0006357407565800127,-0.010845860377438156,-0.010080850183308954,-0.004328889625007439,0.13119374391681243,0.18434500283800404,-0.0007650101941292023,-0.0531512589211916,0.02861143564403681
2019-07-03,-0.002812810394774433,-0.00459405061569098,-0.004455066475607339,-0.007141700019781871,0.12659969330112145,0.1798899363623967,-0.00013898414008364085,-0.05329024306127525,0.02759315056433874
2019-07-04,0.0011922513273319845,0.0035692739748337016,0.0036692942938945095,-0.005949448692449887,0.13016896727595514,0.1835592306562912,-0.00010002031906080787,-0.05339026338033606,0.027662177941163907
2019-07-05,0.00219327680980292,-0.03264715226714052,-0.033744388007399095,-0.003756171882646967,0.09752181500881463,0.1498148426488921,0.0010972357402585786,-0.05229302764007748,0.028550731852037926
2019-07-08,-0.0010536418742981668,0.003060574093449749,0.0030610204787748785,-0.004809813756945134,0.10058238910226437,0.152875863127667,-4.463853251293094e-07,-0.05229347402540262,0.0282044728923224
2019-07-09,0.0006222364664402218,-0.007165766573338601,-0.008725488121823943,-0.004187577290504912,0.09341662252892577,0.14415037500584305,0.0015597215484853422,-0.050733752476917277,0.027992247382358
2019-07-10,0.0002053331249797233,-0.0011817902725402831,-0.0015824907424839552,-0.003982244165525189,0.09223483225638548,0.1425678842633591,0.000400700469943672,-0.050333052006973605,0.027988607187878236
2019-07-11,0.002173603226896171,0.0035306146936340886,0.0024536375839119273,-0.001808640938629018,0.09576544695001957,0.14502152184727102,0.0010769771097221613,-0.04925607489725145,0.028667785644591593
2019-07-12,0.0060313336226219825,0.011351194618211989,0.010411984133281038,0.004222692683992965,0.10711664156823156,0.15543350598055206,0.0009392104849309506,-0.0483168644123205,0.029196796218209912
2019-07-15,-0.004583539792619471,0.0010877458048233488,0.00216197691044151,-0.0003608471086265063,0.1082043873730549,0.15759548289099357,-0.001074231105618161,-0.04939109551793866,0.027051423188382138
2019-07-16,-0.001628877539001324,-0.00017370415867007765,0.0007934823131172664,-0.0019897246476278303,0.10803068321438483,0.15838896520411083,-0.000967186471787344,-0.050358281989726,0.02664565863557034
2019-07-17,0.003590289326142694,-0.017438846966672028,-0.018089479139321796,0.0016005646785148637,0.0905918362477128,0.14029948606478904,0.0006506321726497677,-0.04970764981707623,0.02597538938133479
2019-07-18,-0.000988265478519524,0.004196412384034723,0.004882680028902797,0.0006122991999953397,0.09478824863174752,0.14518216609369183,-0.0006862676448680738,-0.05039391746194431,0.02523691428668074
2019-07-19,0.00486812556754307,-0.026871612781099275,-0.02850459428170815,0.00548042476753841,0.06791663585064825,0.11667757181198368,0.001632981500608876,-0.04876093596133543,0.02666548458307031
2019-07-22,0.0022383463507646673,0.013516735103786039,0.011321497460883734,0.007718771118303077,0.08143337095443429,0.12799906927286742,0.0021952376429023052,-0.04656569831843313,0.025834647268121545
2019-07-23,-0.00014141772270921923,0.011687196182063042,0.012344172798695041,0.007577353395593857,0.09312056713649733,0.14034324207156246,-0.000656976616631999,-0.04722267493506513,0.02612490608204259
2019-07-24,0.0028992558924917783,0.003636742040725478,0.003124533217562231,0.010476609288085637,0.0967573091772228,0.1434677752891247,0.0005122088231632473,-0.04671046611190188,0.024035171407487205
2019-07-25,0.0006034474522733177,0.0012036008756628627,0.0010579527745893103,0.011080056740358954,0.09796091005288567,0.144525728063714,0.00014564810107355248,-0.04656481801082833,0.022920787492308425
2019-07-26,0.00021126383242305974,-4.9450655801631914e-05,0.0004563807518511709,0.011291320572782013,0.09791145939708404,0.14498210881556517,-0.0005058314076528028,-0.04707064941848113,0.02286435400861946
2019-07-29,-0.0018518040736574704,0.0037916021101120274,0.003965124688075861,0.009439516499124542,0.10170306150719606,0.14894723350364103,-0.00017352257796383322,-0.04724417199644497,0.02237749572437784
2019-07-30,0.0027303320432386837,-0.006638293927327914,-0.007590900676701651,0.012169848542363226,0.09506476757986815,0.14135633282693938,0.0009526067493737366,-0.04629156524707123,0.024119753434987876
2019-07-31,-0.0006770705693858935,-0.005109446684007422,-0.0051797594716411766,0.011492777972977333,0.08995532089586072,0.1361765733552982,7.031278763375455e-05,-0.04622125245943748,0.023238575275415292
2019-08-01,0.006415436462387492,-0.014193762011526001,-0.016010330478092527,0.017908214435364826,0.07576155888433472,0.12016624287720568,0.001816568466566526,-0.04440468399287095,0.023748284741025687
2019-08-02,0.0018962405873882324,-0.010498156041820599,-0.011541574083004491,0.01980445502275306,0.06526340284251413,0.10862466879420118,0.0010434180411838922,-0.04336126595168706,0.02551508426121146
2019-08-05,0.010606873431240877,-0.02461100475306965,-0.026747460666392442,0.030411328453993934,0.04065239808944447,0.08187720812780874,0.0021364559133227913,-0.04122481003836427,0.024596835874927645
2019-08-06,-0.004377391651513871,-0.005555264574258974,-0.00293830024461883,0.026033936802480062,0.0350971335151855,0.07893890788318991,-0.0026169643296401436,-0.04384177436800441,0.023628980994856743
2019-08-07,0.0005498363129219367,0.007131247654689985,0.007725107304652923,0.026583773115402,0.042228381169875484,0.08666401518784284,-0.000593859649962938,-0.04443563401796735,0.023932285607331915
2019-08-08,0.0027769796788887813,-0.010256452730145745,-0.010933173010949204,0.02936075279429078,0.031971928439729735,0.07573084217689363,0.0006767202808034591,-0.043758913737163896,0.02278184198460941
2019-08-09,0.0022665162762850496,0.01752434645691333,0.016784067444556072,0.03162726907057583,0.049496274896643065,0.0925149096214497,0.0007402790123572575,-0.04301863472480664,0.021497594835984467
2019-08-12,0.0006476417331223369,-0.005328203054277174,-0.004807835328328736,0.03227491080369817,0.04416807184236589,0.08770707429312097,-0.0005203677259484384,-0.04353900245075508,0.022301019240667786
2019-08-13,0.0005532092234080592,0.006768223387904929,0.006731061895765222,0.03282812002710623,0.050936295230270816,0.09443813618888619,3.7161492139706556e-05,-0.043501840958615375,0.020520544714871688
2019-08-14,-5.804148513929681e-05,0.004318137707860886,0.004759311522231968,0.03277007854196693,0.0552544329381317,0.09919744771111816,-0.0004411738143710823,-0.043943014772986455,0.021639407770600447
2019-08-15,0.002642496968217373,0.0053742839233639214,0.005632796087240877,0.035412575510184306,0.060628716861495624,0.10483024379835904,-0.0002585121638769552,-0.04420152693686341,0.020989046434368105
2019-08-16,-0.0036892834383589887,0.028921830296776523,0.03133621976567014,0.03172329207182532,0.08955054715827215,0.13616646356402917,-0.0024143894688936143,-0.04661591640575702,0.019667130335060512
2019-08-19,-0.00556372458232549,0.000463917309907253,0.0023340586782172323,0.026159567489499828,0.0900144644681794,0.1385005222422464,-0.0018701413683099794,-0.048486057774067004,0.01976305588285327
2019-08-20,0.0002670193013370584,0.002381642026506985,0.0002615917446338045,0.026426586790836887,0.09239610649468638,0.1387621139868802,0.0021200502818731807,-0.04636600749219383,0.01870434015565169
2019-08-21,-0.006899819391601218,0.0019016991545367558,0.004219310413935418,0.01952676739923567,0.09429780564922313,0.14298142440081563,-0.002317611259398662,-0.048683618751592495,0.019311430937204107
2019-08-22,-0.0016549438609254914,-0.003912197481972491,-0.0021148949165894493,0.017871823538310176,0.09038560816725064,0.14086652948422618,-0.0017973025653830414,-0.05048092131697554,0.019100745100072605
2019-08-23,0.0025278633493087954,-0.005050717235540287,-0.005569755121046072,0.02039968688761897,0.08533489093171034,0.1352967743631801,0.000519037885505785,-0.04996188343146976,0.01884721644938337
2019-08-26,-0.007475871660887506,0.016828963354516547,0.01877874677104785,0.012923815226731465,0.10216385428622689,0.15407552113422796,-0.0019497834165313026,-0.05191166684800107,0.018555856993136936
2019-08-27,-0.0030184567752108535,-0.0009975977153078592,-0.0019919542911495114,0.009905358451520612,0.10116625657091903,0.15208356684307844,0.0009943565758416522,-0.05091731027215941,0.019029466351273314
2019-08-28,0.0013279823791550298,0.0005890067220931223,0.000907510259697375,0.011233340830675642,0.10175526329301215,0.15299107710277582,-0.0003185035376042527,-0.051235813809763664,0.01945665816579958
2019-08-29,0.006931706716413889,-0.013974361017971827,-0.01493608936544355,0.01816504754708953,0.08778090227504033,0.13805498773733227,0.0009617283474717235,-0.05027408546229194,0.019305502696778973
2019-08-30,-0.0011169433111481574,0.024579746328834404,0.02563407700440301,0.017048104235941372,0.11236064860387474,0.16368906474173528,-0.0010543306755686072,-0.051328416137860544,0.020884942888670648
2019-09-02,0.002164445384602167,0.007548750614522095,0.007405842721667,0.01921254962054354,0.11990939921839683,0.17109490746340228,0.00014290789285509482,-0.05118550824500545,0.018921973869271774
2019-09-03,-0.0009247809320966993,0.006717101003920375,0.007002784796942052,0.01828776868844684,0.1266265002223172,0.17809769226034433,-0.0002856837930216771,-0.051471192038027136,0.01720090927186128
2019-09-04,-0.0020498337613394386,0.007555275979193275,0.009385065801394532,0.0162379349271074,0.13418177620151048,0.18748275806173886,-0.0018297898222012568,-0.053300981860228386,0.017297134095477926
2019-09-05,-0.000922402173896603,0.0033241766034367245,0.004193652832150008,0.015315532753210797,0.1375059528049472,0.19167641089388887,-0.0008694762287132832,-0.054170458088941664,0.017421234249898228
2019-09-06,-0.005137215931002985,0.019585542907846275,0.024169926796309582,0.010178316822207812,0.1570914957127935,0.21584633769019845,-0.004584383888463307,-0.058754841977404965,0.01675252289007162
2019-09-09,-0.005671744031155646,-0.0003350767321506362,0.002199198712284911,0.004506572791052166,0.15675641898064285,0.21804553640248336,-0.0025342754444355473,-0.06128911742184051,0.017193512229112373
2019-09-10,-0.00036700394874962907,-0.008306692844504625,-0.008615985570896711,0.0041395688423025365,0.14844972613613822,0.20942955083158665,0.0003092927263920863,-0.06097982469544844,0.01557059921651916
2019-09-11,-0.0013971547218023625,0.005129289996525474,0.004751781715478742,0.002742414120500174,0.1535790161326637,0.2141813325470654,0.0003775082810467314,-0.0606023164144017,0.015726790346660205
2019-09-12,0.002400209731591465,0.006005056203154026,0.006116439829963127,0.005142623852091639,0.15958407233581773,0.22029777237702852,-0.00011138362680910164,-0.060713700041210794,0.015236722695312826
2019-09-16,0.0056394297609580505,-0.020864226480030935,-0.024285255697609642,0.01078205361304969,0.13871984585578678,0.19601251667941888,0.0034210292175787076,-0.0572926708236321,0.014995598800152856
2019-09-17,0.0008466888766869605,-0.000863578161427549,-0.0011556826796326192,0.011628742489736651,0.13785626769435924,0.19485683399978626,0.00029210451820507017,-0.05700056630542702,0.014625741926138662
2019-09-18,0.002457393472538363,0.010962561466584411,0.011693994764289783,0.014086135962275015,0.14881882916094366,0.20655082876407604,-0.0007314332977053726,-0.05773199960313238,0.013876715478048618
2019-09-19,0.0010948177318427733,0.001728547097549441,0.0010930878844490621,0.015180953694117788,0.1505473762584931,0.2076439166485251,0.0006354592131003788,-0.05709654039003201,0.014448881408925024
2019-09-20,0.0009404201184001147,-0.008625749786789372,-0.009995441743853917,0.0161213738125179,0.14192162647170373,0.1976484749046712,0.001369691957064545,-0.05572684843296746,0.014297741666640546
2019-09-23,0.0021207762418755435,0.003790687522730546,0.005018655999847965,0.018242150054393447,0.14571231399443427,0.20266713090451915,-0.0012279684771174192,-0.05695481691008489,0.014107475692906737
2019-09-24,0.004166921647257426,-0.017803601651937895,-0.019592065896695487,0.022409071701650872,0.12790871234249637,0.18307506500782367,0.0017884642447575927,-0.055166352665327295,0.014047014680380545
2019-09-25,0.0020717781463228,-0.03181025501788981,-0.033296357715190794,0.024480849847973673,0.09609845732460656,0.14977870729263287,0.0014861026973009839,-0.05368024996802631,0.014568027310433917
2019-09-26,-0.0009572017645019679,0.008931684498245265,0.008990472746038591,0.023523648083471706,0.10503014182285182,0.15876918003867146,-5.878824779332638e-05,-0.05373903821581964,0.015044699599570934
2019-09-27,0.0030949166462729627,-0.009088385564899095,-0.011222161960276367,0.02661856472974467,0.09594175625795273,0.1475470180783951,0.0021337763953772713,-0.051605261820442366,0.01565149448470784
2019-09-30,-0.0004446320144610603,-0.00027702894600176544,0.0009160072869249802,0.026173932715283607,0.09566472731195097,0.14846302536532008,-0.0011930362329267458,-0.05279829805336911,0.014824714825280019
2019-10-08,0.0024385973563734466,0.010430302961514197,0.00911737764910825,0.028612530071657052,0.10609503027346517,0.15758040301442833,0.0013129253124059478,-0.05148537274096315,0.015596203808108252
2019-10-09,0.007608223240276301,0.016596603372715023,0.015354324653644724,0.036220753311933356,0.1226916336461802,0.17293472766807305,0.0012422787190702993,-0.05024309402189285,0.014992609103267978
2019-10-10,-0.0015212590766671263,0.0007440897613710047,0.0006945140941461148,0.03469949423526623,0.12343572340755121,0.17362924176221917,4.9575667224889975e-05,-0.050193518354667954,0.014678936921226047
2019-10-11,-0.00592057521478368,0.013062979951438338,0.015694069741972072,0.028778919020482546,0.13649870335898956,0.18932331150419124,-0.0026310897905337336,-0.05282460814520168,0.014338944115753949
2019-10-14,-0.0014684776476023792,-0.014068817991771074,-0.014786826606483672,0.027310441372880166,0.12242988536721848,0.17453648489770757,0.0007180086147125977,-0.05210659953048909,0.014594753897248536
2019-10-15,0.0058229116129905325,-0.0016499551882300993,-0.004196922271376025,0.033133352985870695,0.12077993017898839,0.17033956262633154,0.0025469670831459253,-0.049559632447343155,0.01448551520666635
2019-10-16,0.0007572384010817101,-0.0008478633824269689,-0.0010743829325026155,0.033890591386952405,0.11993206679656142,0.16926517969382893,0.0002265195500756466,-0.04933311289726751,0.015575393312169686
2019-10-17,-7.708108239968719e-05,-0.01152084404537624,-0.012558719397901541,0.03381351030455272,0.10841122275118517,0.15670646029592739,0.0010378753525253012,-0.048295237544742214,0.016578880053255786
2019-10-18,-0.0015941372481997238,-0.007578219303412342,-0.0063136104027918805,0.032219373056352994,0.10083300344777282,0.1503928498931355,-0.0012646089006204614,-0.04955984644536268,0.017334703101478582
2019-10-21,0.003321883800912687,0.012723754318239687,0.012341388066268166,0.03554125685726568,0.11355675776601251,0.16273423795940367,0.00038236625197152034,-0.04917748019339116,0.01784979986779185
2019-10-22,-0.0014178615000284209,-0.008027054398921306,-0.008076999011263908,0.03412339535723726,0.10552970336709121,0.15465723894813976,4.9944612342601655e-05,-0.049127535581048556,0.018340168393500774
2019-10-23,-0.000595649174474027,-0.0026893976027078208,-0.001950390473059116,0.03352774618276323,0.10284030576438338,0.15270684847508065,-0.0007390071296487048,-0.049866542710697265,0.01759231249777153
2019-10-24,-0.0002268308832898828,0.006054458667262033,0.00769729870530611,0.03330091529947335,0.10889476443164542,0.16040414718038676,-0.001642840038044077,-0.05150938274874134,0.017561935483712453
2019-10-25,-0.005150978529640332,0.019327405267194096,0.023432299952567348,0.028149936769833017,0.1282221696988395,0.1838364471329541,-0.0041048946853732525,-0.055614277434114595,0.01857459948873714
2019-10-28,0.002801515551555246,-0.011086766647263623,-0.010933581790419922,0.030951452321388264,0.11713540305157588,0.17290286534253418,-0.0001531848568437008,-0.0557674622909583,0.01856993326987902
2019-10-29,0.009296742963295091,-0.008340482688830928,-0.009988275176352701,0.040248195284683354,0.10879492036274495,0.16291459016618148,0.0016477924875217733,-0.054119669803436535,0.01965333608826929
2019-10-30,0.009198533333896778,-0.008175417622862217,-0.011267995207996151,0.049446728618580134,0.10061950273988274,0.15164659495818533,0.0030925775851339335,-0.051027092218302594,0.019282332165948244
2019-10-31,-0.001202137488211725,0.007919111786751188,0.009492401150479779,0.04824459113036841,0.10853861452663392,0.1611389961086651,-0.001573289363728591,-0.05260038158203119,0.022762577273205457
2019-11-01,0.006919617886996628,0.00780782908091528,0.006219824731763524,0.05516420901736503,0.1163464436075492,0.16735882084042863,0.0015880043491517566,-0.051012377232879436,0.021739320130024317
2019-11-04,0.003192361820706056,0.0028770130554606134,0.002802433856681219,0.05835657083807109,0.11922345666300982,0.17016125469710985,7.457919877939439e-05,-0.050937798034100035,0.02168021821111731
2019-11-05,0.0026010301762782973,-0.00776915497274092,-0.00886246714798311,0.06095760101434938,0.1114543016902689,0.16129878754912674,0.0010933121752421905,-0.04984448585885784,0.021042579800366955
2019-11-06,-0.0007694450165725915,0.006842176749170268,0.006638440435933646,0.06018815599777679,0.11829647843943918,0.1679372279850604,0.0002037363132366219,-0.04964074954562121,0.020220866255751726
2019-11-07,0.00031712236691576256,-0.0022783562463216133,-0.0034502544040382332,0.06050527836469256,0.11601812219311756,0.16448697358102216,0.00117189815771662,-0.04846885138790459,0.02114163272111139
2019-11-08,0.0033430609606176693,-0.02424171025354706,-0.026313218965547946,0.06384833932531023,0.0917764119395705,0.1381737546154742,0.002071508712000885,-0.0463973426759037,0.021916574655251025
2019-11-11,-0.0035517705488666354,0.001876647246908142,0.0025325133903297825,0.06029656877644359,0.09365305918647865,0.140706268005804,-0.0006558661434216404,-0.04705320881932534,0.02053108622253073
2019-11-12,0.006469826724259561,-0.0007232484294267505,-0.002933649392630855,0.06676639550070315,0.0929298107570519,0.13777261861317314,0.0022104009632041045,-0.04484280785612124,0.02117159930931902
2019-11-13,0.004476902614104119,0.0075880153295478795,0.006761141467041654,0.07124329811480727,0.10051782608659977,0.1445337600802148,0.0008268738625062258,-0.04401593399361502,0.022143871383776256
2019-11-14,0.0023079665515290527,-0.012061301891534162,-0.012359829115778709,0.07355126466633632,0.08845652419506561,0.13217393096443608,0.00029852722424454636,-0.04371740676937047,0.02223764871000027
2019-11-15,-0.001964429091154601,0.007519905423335443,0.0071144757951557835,0.07158683557518172,0.09597642961840105,0.13928840675959187,0.0004054296281796599,-0.04331197714119081,0.02007151872018142
2019-11-18,-0.00223349122523818,0.01673504815397304,0.01848109318380864,0.06935334434994354,0.1127114777723741,0.1577694999434005,-0.0017460450298355974,-0.045058022171026405,0.020516110095642838
2019-11-19,-0.000802508188650914,-0.005670471407835251,-0.0050597614389378265,0.06855083616129264,0.10704100636453885,0.15270973850446268,-0.0006107099688974242,-0.045668732139923826,0.021229971999710988
2019-11-20,-0.0069694335885096175,-0.003100944814541349,-0.001675468928045376,0.061581402572783016,0.1039400615499975,0.1510342695764173,-0.0014254758864959728,-0.047094208026419795,0.021043005306323064
2019-11-21,-0.010055626195906178,-0.015117748695852347,-0.013335551325074135,0.05152577637687684,0.08882231285414516,0.13769871825134317,-0.0017821973707782112,-0.04887640539719801,0.02007334362805158
2019-11-22,-0.006529840758472539,-0.007976196629044264,-0.005756795804385817,0.0449959356184043,0.08084611622510089,0.13194192244695735,-0.0022194008246584473,-0.05109580622185646,0.019976412966970027
2019-11-25,0.004224278650549213,-0.00024076443884552443,-0.000706896981931493,0.04922021426895351,0.08060535178625537,0.13123502546502586,0.0004661325430859685,-0.050629673678770484,0.019990696667996976
2019-11-26,0.0040496254825909276,0.00010595160686794404,-0.0003421900460374161,0.05326983975154444,0.08071130339312331,0.13089283541898844,0.00044814165290536014,-0.05018153202586513,0.02117795395479406
2019-11-27,0.002779667603356955,-0.0025670347754745116,-0.002887705082779135,0.05604950735490139,0.0781442686176488,0.1280051303362093,0.0003206703073046235,-0.04986086171856051,0.020390192920754533
2019-11-28,-0.003909026448013196,-0.001989525203983904,-0.0008800766974452756,0.05214048090688819,0.07615474341366489,0.12712505363876403,-0.0011094485065386282,-0.05097031022509914,0.020513635232460005
2019-11-29,0.0005277027944918814,0.0013964181194221392,0.002176241470607465,0.05266818370138007,0.07755116153308703,0.1293012951093715,-0.0007798233511853258,-0.05175013357628447,0.020783598309110148
2019-12-02,-0.005406256008431819,0.004302502952662803,0.006513214421742575,0.04726192769294825,0.08185366448574984,0.13581450953111407,-0.0022107114690797713,-0.053960845045364234,0.020902123045956792
2019-12-03,0.0005672717743171749,0.0013621312992910077,0.0016110831887043986,0.047829199467265424,0.08321579578504085,0.13742559271981847,-0.0002489518894133909,-0.05420979693477762,0.0214940312450395
2019-12-04,0.0034247270170597293,0.012018419785262394,0.011218544200117364,0.051253926484325155,0.09523421557030325,0.14864413691993583,0.0007998755851450299,-0.053409921349632586,0.02064426155305543
2019-12-05,0.0002099055034447288,0.007247204369064293,0.007110716649936677,0.05146383198776988,0.10248141993936755,0.1557548535698725,0.0001364877191276162,-0.05327343363050496,0.018287844378355966
2019-12-06,-0.0007615247266069738,0.0033378166763340113,0.0035519565529984476,0.050702307261162906,0.10581923661570156,0.15930681012287096,-0.00021413987666443627,-0.0534875735071694,0.01775652459899928
2019-12-09,-0.0020236419998021574,0.004406484800194531,0.006040971223541192,0.04867866526136075,0.1102257214158961,0.16534778134641215,-0.0016344864233466608,-0.055122059930516054,0.017602188959904754
2019-12-10,-0.0020183953946976653,-0.004231456403691926,-0.004040774918593115,0.046660269866663086,0.10599426501220417,0.16130700642781903,-0.00019068148509881078,-0.05531274141561486,0.018520544422231857
2019-12-11,0.005804398413815188,0.00018910245806194462,-8.643356084192533e-05,0.05246466828047827,0.10618336747026612,0.1612205728669771,0.00027553601890386995,-0.05503720539671099,0.01905153078441798
2019-12-12,0.005344115770966644,0.013883722428619977,0.013399193392318764,0.05780878405144491,0.12006708989888609,0.17461976625929587,0.00048452903630121294,-0.05455267636040978,0.01922280362261347
2019-12-13,-0.001870870878589321,0.016727639850250837,0.018615155920027604,0.05593791317285559,0.13679472974913692,0.19323492217932348,-0.0018875160697767665,-0.05644019243018655,0.018279288300505094
2019-12-16,-0.006723346833814378,0.00880877370470438,0.012452714563336187,0.04921456633904121,0.1456035034538413,0.20568763674265966,-0.0036439408586318063,-0.06008413328881837,0.016584142408772738
2019-12-17,-0.005150380989572668,-0.0018862096556260795,-0.0003302611787781018,0.04406418534946854,0.1437172937982152,0.20535737556388156,-0.0015559484768479777,-0.06164008176566635,0.0199229759415893
2019-12-18,-0.008628657518018452,0.0020394777047298153,0.004378376130299344,0.03543552783145009,0.14575677150294503,0.2097357516941809,-0.0023388984255695287,-0.06397898019123588,0.02016309751921742
2019-12-19,0.0033831493343687885,-0.009480151494563561,-0.012097692724989173,0.03881867716581888,0.13627662000838148,0.19763805896919173,0.002617541230425612,-0.061361438960810255,0.02069223139711398
2019-12-20,0.007237351481130813,-0.0183925171611192,-0.022811802711038,0.046056028646949694,0.11788410284726228,0.17482625625815373,0.0044192855499188,-0.056942153410891455,0.02035395587257481
2019-12-23,-0.001267431516725959,0.01461396121263809,0.01744910195754734,0.044788597130223734,0.13249806405990036,0.19227535821570108,-0.0028351407449092522,-0.059777294155800714,0.02023465482134718
2019-12-24,0.0024737688073650185,0.00433617763225374,0.005955000620165407,0.04726236593758875,0.1368342416921541,0.19823035883586648,-0.0016188229879116672,-0.061396117143712375,0.021483939566314617
2019-12-25,-0.002532941363446218,0.005576853439005033,0.007104883598103129,0.04472942457414253,0.14241109513115913,0.2053352424339696,-0.0015280301590980955,-0.06292414730281048,0.02053214485419819
2019-12-26,-0.005523034059259412,-0.010000090288354233,-0.008103016775477201,0.039206390514883116,0.13241100484280488,0.1972322256584924,-0.0018970735128770316,-0.06482122081568753,0.020565274922923506
2019-12-27,0.0010647647400666236,0.004946947659217557,0.005634418959143517,0.04027115525494974,0.13735795250202243,0.20286664461763593,-0.0006874712999259593,-0.0655086921156135,0.021355136021862158
2019-12-30,0.0009687645871492832,0.006635225805258894,0.006675126682683441,0.04123991984209902,0.1439931783072813,0.20954177130031937,-3.990087742454691e-05,-0.06554859299303806,0.021470106255093675
2019-12-31,-0.0015371128600210062,0.016775346111713572,0.019482808545026487,0.039702806982078016,0.1607685244189949,0.22902457984534585,-0.002707462433312914,-0.06825605542635096,0.0218616700912721
2020-01-02,-0.0030427476597891362,0.0037037773956416654,0.005180883374654499,0.03666005932228888,0.16447230181463657,0.23420546322000035,-0.0014771059790128337,-0.06973316140536379,0.02277372319285922
2020-01-03,-0.0051078686287542785,0.007123784795617685,0.010232979180113233,0.0315521906935346,0.17159608661025424,0.2444384424001136,-0.0031091943844955483,-0.07284235578985934,0.022667084091053218
2020-01-06,0.004903724124488059,0.01703616633692454,0.015086244407449101,0.036455914818022656,0.18863225294717878,0.2595246868075627,0.0019499219294754379,-0.07089243386038391,0.023497930421145737
2020-01-07,3.1693207786800844e-05,-0.01364471803897377,-0.013744359710575083,0.036487608025809457,0.174987534908205,0.2457803270969876,9.964167160131203e-05,-0.0707927921887826,0.02379201580218914
2020-01-08,0.004082215962617806,0.017405120100740152,0.015762225221095605,0.04056982398842726,0.19239265500894517,0.2615425523180832,0.001642894879644547,-0.06914989730913804,0.022891764273787203
2020-01-09,0.008177172473684541,0.00037702128022305955,-0.002097853523808979,0.0487469964621118,0.19276967628916825,0.25944469879427423,0.0024748748040320386,-0.06667502250510599,0.021669907204489712
2020-01-10,0.008333499581170504,0.014016665976956846,0.012706146985978606,0.0570804960432823,0.20678634226612508,0.27215084578025284,0.0013105189909782405,-0.06536450351412776,0.02083225922822273
2020-01-13,-0.004994303824152613,-0.00233999486650061,-0.00212976609279103,0.05208619221912969,0.20444634739962447,0.2700210796874618,-0.00021022877370958015,-0.06557473228783733,0.020426541006370008
2020-01-14,0.011013114630838164,0.002841391382939604,-0.00010062877265504255,0.06309930684996785,0.20728773878256407,0.26992045091480676,0.0029420201555946466,-0.0626327121322427,0.01955993681581482
2020-01-15,0.008528807351576587,0.0010549865238216665,-0.001927308902557101,0.07162811420154444,0.20834272530638573,0.26799314201224966,0.0029822954263787676,-0.059650416705863935,0.018928197673073157
2020-01-16,0.0016678769489242137,-0.004058265773666447,-0.0038568337657807206,0.07329599115046866,0.2042844595327193,0.26413630824646894,-0.00020143200788572645,-0.059851848713749656,0.022651950734600478
2020-01-17,0.004899951314243934,0.012266706868503209,0.012752060880210081,0.07819594246471259,0.2165511664012225,0.276888369126679,-0.0004853540117068719,-0.060337202725456535,0.02004969791436313
2020-01-20,-0.0005222164272428125,-0.009761950002510717,-0.008941499601695213,0.07767372603746978,0.20678921639871178,0.2679468695249838,-0.0008204504008155044,-0.06115765312627203,0.01886975954374018
2020-01-21,0.007272291444089956,0.003389683527295822,0.0029993477515937172,0.08494601748155974,0.2101788999260076,0.27094621727657753,0.0003903357757021049,-0.06076731735056992,0.01883692379634916
2020-01-22,-0.00046925287150423436,-0.03815368131763756,-0.03797450570115224,0.0844767646100555,0.17202521860837006,0.2329717115754253,-0.00017917561648531782,-0.06094649296705523,0.018527489377308467
2020-01-23,-0.00549854095643719,-0.09324235271602627,-0.09160232137871915,0.07897822365361831,0.07878286589234379,0.14136939019670614,-0.001640031337307113,-0.06258652430436235,0.019777352363496026
2020-02-03,0.03142127013181945,0.00730575201503959,0.0022929897023065138,0.11039949378543776,0.08608861790738338,0.14366237989901265,0.005012762312733076,-0.057573761991629266,0.01941257329733464
2020-02-04,-0.009446133931274407,0.021185526985953995,0.025803536395029525,0.10095335985416334,0.10727414489333738,0.16946591629404217,-0.00461800940907553,-0.062191771400704796,0.04340953209392021
2020-02-05,0.0006190164044557104,0.026502128345036506,0.030801510583255975,0.10157237625861905,0.13377627323837388,0.20026742687729815,-0.004299382238219469,-0.06649115363892427,0.04401753048732659
2020-02-06,0.00012474729545342006,0.009734510886815739,0.012245031174948906,0.10169712355407247,0.1435107841251896,0.21251245805224706,-0.002510520288133167,-0.06900167392705744,0.04460029568291245
2020-02-07,-0.0008379835769683686,0.013858914030440348,0.01386691981183219,0.1008591399771041,0.15736969815562996,0.22637937786407925,-8.00578139184202e-06,-0.06900967970844929,0.0446941956173397
2020-02-10,0.0015847929287917876,-0.004036084671857144,-0.006788525598523165,0.10244393290589589,0.1533336134837728,0.21959085226555608,0.002752440926666021,-0.06625723878178327,0.04587488433599431
2020-02-11,0.0009705922784298526,0.017467002773013586,0.023028732424352327,0.10341452518432574,0.1708006162567864,0.2426195846899084,-0.005561729651338741,-0.07181896843312202,0.045887007998218626
2020-02-12,-0.0040405740316941,-0.010464479136022992,-0.008153239173902094,0.09937395115263165,0.1603361371207634,0.2344663455160063,-0.0023112399621208982,-0.07413020839524292,0.045770877833319096
2020-02-13,4.285903588256243e-05,0.0012075677919658656,0.0035497821311469835,0.09941681018851421,0.16154370491272926,0.2380161276471533,-0.0023422143391811177,-0.07647242273442403,0.04689893497877227
2020-02-14,-0.0014202979945891648,0.030471593912473328,0.03578022662505553,0.09799651219392505,0.1920152988252026,0.27379635427220883,-0.005308632712582206,-0.08178105544700623,0.045503169807289155
2020-02-17,-0.003478038123543263,0.015853332222788646,0.02260305429302889,0.09451847407038179,0.20786863104799125,0.2963994085652377,-0.006749722070240244,-0.08853077751724647,0.046697049804993875
2020-02-18,-0.002823894459768558,-0.008069270103183568,-0.00895650457263919,0.09169457961061322,0.19979936094480769,0.28744290399259853,0.0008872344694556226,-0.08764354304779085,0.04636871800940889
2020-02-19,-0.0037945483191139905,0.013660366231181149,0.019146948020907217,0.08790003129149923,0.21345972717598882,0.30658985201350575,-0.005486581789726068,-0.09313012483751693,0.04610675936596308
2020-02-20,0.0037782576395670856,0.01473088167377101,0.017627129266641006,0.09167828893106632,0.22819060884975984,0.32421698128014675,-0.0028962475928699955,-0.09602637243038692,0.04617967941133718
2020-02-21,-6.140218228874721e-05,0.014846976524502516,0.021695616945981655,0.09161688674877758,0.24303758537426234,0.3459125982261284,-0.006848640421479139,-0.10287501285186607,0.046429381424375304
2020-02-24,0.003941701661877028,0.0015930718397208418,0.004180460277989795,0.09555858841065461,0.2446306572139832,0.3500930585041182,-0.0025873884382689527,-0.10546240129013501,0.04580064927365978
2020-02-25,-0.006456975521108856,-0.022954545595551365,-0.029348644856781902,0.08910161288954575,0.22167611161843181,0.3207444136473363,0.0063940992612305375,-0.09906830202890449,0.044994873129948786
2020-02-26,0.009762267777562663,0.008339573955582498,0.001646710276553165,0.09886388066710841,0.2300156855740143,0.32239112392388947,0.006692863679029333,-0.09237543834987516,0.044990067704637385
2020-02-27,0.017126926492362773,-0.050233695085718434,-0.059692335575931565,0.11599080715947119,0.17978199048829588,0.2626987883479579,0.009458640490213131,-0.08291679785966202,0.045099790567202834
2020-02-28,-0.004794188088256125,0.03816603181139548,0.04046564488789528,0.11119661907121506,0.21794802229969135,0.3031644332358532,-0.0022996130764997985,-0.08521641093616183,0.044895265055312744
2020-03-02,-0.0018376126667696928,0.011412516019892705,0.013401512195596155,0.10935900640444536,0.22936053831958406,0.31656594543144934,-0.00198899617570345,-0.08720540711186528,0.0430068588893104
2020-03-03,-0.0060715181179278755,0.003800746627869479,0.00493326598906485,0.10328748828651749,0.23316128494745353,0.3214992114205142,-0.0011325193611953712,-0.08833792647306066,0.011205429509005804
2020-03-04,-0.006274856767721283,0.012285048233101248,0.01424027899698821,0.0970126315187962,0.24544633318055478,0.3357394904175024,-0.001955230763886961,-0.09029315723694761,0.01093924672317514
2020-03-05,-0.0018778487753069915,-0.0035792830546349844,-0.0030281551570414678,0.09513478274348922,0.2418670501259198,0.3327113352604609,-0.0005511278975935167,-0.09084428513454113,0.011095150038439331
2020-03-06,-0.00723483357161094,-0.043127389890417894,-0.040036158950341516,0.08789994917187828,0.1987396602355019,0.2926751763101194,-0.0030912309400763782,-0.0939355160746175,0.010188610817483349
2020-03-09,0.002614397511936444,0.025539651521929014,0.02558666471238702,0.09051434668381472,0.22427931175743093,0.31826184102250643,-4.701319045800553e-05,-0.0939825292650755,0.01086703564797703
2020-03-10,-0.004459746644492395,-0.014136166106708314,-0.013544947308801625,0.08605460003932233,0.21014314565072262,0.3047168937137048,-0.0005912187979066896,-0.09457374806298219,0.011362900215253243
2020-03-11,-0.0031513741764613826,-0.022609329473815946,-0.020337975296294886,0.08290322586286095,0.18753381617690668,0.2843789184174099,-0.00227135417752106,-0.09684510224050324,0.00989620233264011
2020-03-12,0.0036663435404009404,-0.010723707102093288,-0.009070724114339512,0.08656956940326188,0.1768101090748134,0.2753081943030704,-0.0016529829877537754,-0.09849808522825701,0.01122034129223756
2020-03-13,-0.0007665352089522993,-0.04759923802861956,-0.04959800761304223,0.08580303419430958,0.12921087104619383,0.22571018669002818,0.0019987695844226674,-0.09649931564383435,0.010642438093426798
2020-03-16,0.010495705508357817,0.0011126517438003571,-0.0026292029879186885,0.0962987397026674,0.13032352278999418,0.2230809837021095,0.003741854731719046,-0.09275746091211531,0.011048496987141927
2020-03-17,0.005312351694397305,-0.0139383959860324,-0.015503550229828633,0.10161109139706472,0.11638512680396178,0.20757743347228086,0.0015651542437962324,-0.09119230666831908,0.011702946465346361
2020-03-18,0.0008532259907946771,0.009748345941926506,0.010934494238821202,0.1024643173878594,0.1261334727458883,0.21851192771110206,-0.001186148296894696,-0.09237845496521377,0.01141602043075795
2020-03-19,-0.001071743370241072,0.010979698547496006,0.009439789689370315,0.10139257401761832,0.1371131712933843,0.22795171740047238,0.0015399088581256916,-0.09083854610708808,0.011398381454230588
2020-03-20,0.0012748446023593037,-0.04323782885582744,-0.045809261583229954,0.10266741861997762,0.09387534243755685,0.18214245581724242,0.0025714327274025117,-0.08826711337968557,0.010844133207863097
2020-03-23,-0.003502035265592524,0.01703489946376909,0.01841756875473699,0.0991653833543851,0.11091024190132594,0.2005600245719794,-0.0013826692909679021,-0.08964978267065347,0.010870193722170012
2020-03-24,-0.001923579621204281,0.022835399487021724,0.023177566719093434,0.09724180373318082,0.13374564138834766,0.22373759129107285,-0.00034216723207170993,-0.08999194990272519,0.012576631300508049
2020-03-25,0.0008823027828600077,-0.010370245017586245,-0.009107274051505243,0.09812410651604084,0.12337539637076142,0.2146303172395676,-0.001262970966081002,-0.09125492086880618,0.011869361231230799
2020-03-26,0.007697820305683775,-0.002911379652657517,-0.007502220015568994,0.10582192682172462,0.1204640167181039,0.2071280972239986,0.0045908403629114775,-0.0866640805058947,0.011345385793902556
2020-03-27,0.0039687295696640605,-0.022653923443239674,-0.02519984044401191,0.10979065639138867,0.09781009327486423,0.1819282567799867,0.002545917000772238,-0.08411816350512247,0.011953547777468826
2020-03-30,0.003701908255953513,0.0035079761711287946,0.002162168867293701,0.11349256464734218,0.10131806944599303,0.1840904256472804,0.0013458073038350934,-0.08277235620128737,0.012609214749815061
2020-03-31,-0.0005464879576829155,-0.006578848135426571,-0.004400458074430347,0.11294607668965927,0.09473922131056646,0.17968996757285005,-0.0021783900609962242,-0.08495074626228359,0.014416853625448159
2020-04-01,0.00016690469617848587,0.0240354821981967,0.024732050200842792,0.11311298138583775,0.11877470350876315,0.20442201777369284,-0.0006965680026460933,-0.08564731426492969,0.014340820650090052
2020-04-02,-0.003404224345327613,-0.006477795176806516,-0.005700919012548766,0.10970875704051014,0.11229690833195663,0.19872109876114408,-0.0007768761642577499,-0.08642419042918745,0.013825943285638466
2020-04-03,-0.0029647364344119495,0.03206138685782496,0.03357668962036797,0.1067440206060982,0.1443582951897816,0.23229778838151205,-0.001515302762543011,-0.08793949319173044,0.012187081247990918
2020-04-07,-0.0035491972133035047,0.003264007180270857,0.004023260021760677,0.10319482339279469,0.14762230237005247,0.23632104840327273,-0.0007592528414898203,-0.08869874603322025,0.011985676601497068
2020-04-08,0.0009858965183075267,0.011344449912498947,0.012363757352865434,0.10418071991110221,0.15896675228255142,0.24868480575613816,-0.0010193074403664869,-0.08971805347358675,0.010235336854388266
2020-04-09,0.0030605716686733023,-0.02451816610824705,-0.026558961293780214,0.10724129157977552,0.13444858617430436,0.22212584446235795,0.0020407951855331632,-0.08767725828805359,0.010648234881904469
2020-04-10,0.0047581551797589725,-0.009488049659867166,-0.01046257268156836,0.1119994467595345,0.1249605365144372,0.21166327178078959,0.0009745230217011944,-0.08670273526635239,0.009718567256356505
2020-04-13,0.004387602350813189,0.020821833556867127,0.020078100891222306,0.11638704911034768,0.14578237007130432,0.2317413726720119,0.0007437326656448209,-0.08595900260070757,0.010783226189743266
2020-04-14,0.00236590758913927,-0.0054956704673093295,-0.006000520685290667,0.11875295669948695,0.14028669960399498,0.22574085198672122,0.0005048502179813372,-0.08545415238272625,0.011872285813572619
2020-04-15,0.002037326347925045,0.006118577343653565,0.007573334216564476,0.12079028304741199,0.14640527694764854,0.2333141862032857,-0.0014547568729109108,-0.08690890925563716,0.010596988237818432
2020-04-16,0.004965905928474293,0.003136415912815113,0.001593706249705562,0.12575618897588628,0.14954169286046365,0.23490789245299126,0.001542709663109551,-0.08536619959252761,0.01147747091736755
2020-04-17,0.0034519125528920435,0.015725093503314386,0.016215956428329292,0.12920810152877832,0.16526678636377803,0.25112384888132055,-0.0004908629250149066,-0.08585706251754252,0.011403809479469344
2020-04-20,0.004110784101106816,-0.003038857644119571,-0.0052510700364098994,0.13331888562988514,0.16222792871965847,0.24587277884491066,0.0022122123922903286,-0.08364485012525219,0.01042885258409048
2020-04-21,-0.003975464652807814,0.007810827720007038,0.009233461587264458,0.12934342097707732,0.1700387564396655,0.2551062404321751,-0.00142263386725742,-0.0850674839925096,0.010556227695294918
2020-04-22,-0.00142758193421871,-0.006134649896419657,-0.006383934933939628,0.1279158390428586,0.16390410654324586,0.24872230549823549,0.00024928503751997077,-0.08481819895498963,0.010959675087919455
2020-04-23,0.007802512730057157,-0.01631453356108055,-0.01988241447771877,0.13571835177291577,0.1475895729821653,0.22883989102051672,0.003567880916638219,-0.08125031803835142,0.010504193933768152
2020-04-24,0.011668009971771004,-0.00219073170487092,-0.005273868244668023,0.14738636174468678,0.14539884127729438,0.2235660227758487,0.003083136539797103,-0.07816718149855431,0.010387187082033584
2020-04-27,0.01609064106042782,-0.014148567454948205,-0.01507300769646136,0.1634770028051146,0.13125027382234616,0.20849301507938733,0.0009244402415131553,-0.07724274125704117,0.011315445957301088
2020-04-28,0.004221199507100366,-0.0007081579686863656,-0.0024430497624106096,0.16769820231221497,0.1305421158536598,0.20604996531697672,0.001734891793724244,-0.07550784946331693,0.012049110153915292
2020-04-29,-0.0032597312233787978,0.019859533109778338,0.02325782705792534,0.16443847108883616,0.15040164896343813,0.22930779237490206,-0.003398293948147002,-0.07890614341146393,0.012738293697291717
2020-04-30,-0.0010188837132993494,0.017495130645681607,0.021646589819090067,0.1634195873755368,0.16789677960911975,0.25095438219399213,-0.004151459173408461,-0.08305760258487238,0.012699924899025019
2020-05-06,0.005301172652375199,8.924592172606937e-05,-0.0011289078476490744,0.168720760027912,0.16798602553084582,0.24982547434634306,0.0012181537693751437,-0.08183944881549723,0.011865111512075427
2020-05-07,-0.0011929921027755926,0.01017639209882855,0.011475651142790255,0.1675277679251364,0.17816241762967439,0.2613011254891333,-0.0012992590439617046,-0.08313870785945893,0.011530142488782593
2020-05-08,0.0001888704514539009,-0.0018911918001164943,-0.0018716526535982325,0.16771663837659032,0.1762712258295579,0.2594294728355351,-1.9539146518261774e-05,-0.08315824700597718,0.011911135579548418
2020-05-11,0.008720148595208997,0.0039905626414183356,0.0030206202477671695,0.17643678697179932,0.18026178847097624,0.26245009308330225,0.000969942393651166,-0.08218830461232601,0.011744932182531878
2020-05-12,0.003576017876629688,0.007470139697125007,0.008063534251052218,0.18001280484842902,0.18773192816810125,0.27051362733435447,-0.0005933945539272111,-0.08278169916625322,0.011881851240318623
2020-05-13,-6.95260689847918e-05,-0.01019358407092676,-0.009132355182414287,0.17994327877944422,0.17753834409717448,0.2613812721519402,-0.0010612288885124728,-0.0838429280547657,0.013078193843392307
2020-05-14,-0.0018731528022550765,0.002403709088930342,0.004550303974108161,0.17807012597718913,0.17994205318610482,0.26593157612604834,-0.002146594885177819,-0.08598952293994352,0.012287482109360535
2020-05-15,0.007528055888672183,-0.0031259905042236302,-0.00509515154649165,0.1855981818658613,0.1768160626818812,0.2608364245795567,0.0019691610422680195,-0.0840203618976755,0.012970671654906537
2020-05-18,0.002428316637309833,0.0114746303471632,0.012979553915069886,0.18802649850317113,0.1882906930290444,0.2738159784946266,-0.0015049235679066852,-0.08552528546558219,0.012871557391080767
2020-05-19,1.9774247935809887e-05,-0.010996287098740306,-0.011990545236134409,0.18804627275110694,0.17729440593030407,0.26182543325849217,0.0009942581373941026,-0.0845310273281881,0.013345093761966418
2020-05-20,0.0016315309087952257,-0.011435389235972374,-0.012730365942596578,0.18967780365990217,0.1658590166943317,0.2490950673158956,0.0012949767066242034,-0.08323605062156389,0.013031248102882814
2020-05-21,-0.0061984138763741155,-0.02073789111833497,-0.018760991296780105,0.18347938978352804,0.14512112557599674,0.23033407601911549,-0.0019768998215548665,-0.08521295044311875,0.012688985100621107
2020-05-22,0.0019932314996218207,-0.003175506453745182,-0.002117653742930159,0.18547262128314987,0.14194561912225157,0.22821642227618533,-0.001057852710815023,-0.08627080315393376,0.0132856531927701
2020-05-25,0.0020232579284885097,0.022302168658723268,0.02379384103625881,0.18749587921163838,0.16424778778097482,0.25201026331244414,-0.001491672377535544,-0.08776247553146932,0.013821466436593814
2020-05-26,-0.00412260646379471,-0.005180872929181912,-0.006297604463460615,0.18337327274784368,0.15906691485179292,0.24571265884898352,0.001116731534278703,-0.0866457439971906,0.014114309884614127
2020-05-27,0.0011695454185643118,-0.0027222841390382585,-0.0022819345244506906,0.184542818166408,0.15634463071275467,0.24343072432453283,-0.00044034961458756794,-0.08708609361177816,0.013384135195303423
2020-05-28,0.006538568021505664,0.009704967995404325,0.00993037523871898,0.19108138618791365,0.166049598708159,0.2533610995632518,-0.00022540724331465527,-0.08731150085509282,0.013134027058455984
2020-05-29,-0.0019376212480217603,0.02822751109410068,0.030041583864976573,0.18914376493989188,0.19427710980225968,0.2834026834282284,-0.0018140727708758943,-0.08912557362596871,0.012927397776522631
2020-06-01,-0.005366857992914862,0.0005732841695495389,0.001508925098931968,0.18377690694697701,0.19485039397180923,0.28491160852716035,-0.0009356409293824291,-0.09006121455535113,0.013110566147209526
2020-06-02,-0.0035859693397863913,-0.0034324746213914704,-0.0013667045592793414,0.18019093760719063,0.19141791935041777,0.283544903967881,-0.002065770062112129,-0.09212698461746324,0.012722772781907213
2020-06-03,-0.0006569312468792098,0.001926168390016721,0.0020209311413967868,0.17953400636031142,0.1933440877404345,0.2855658351092778,-9.476275138006578e-05,-0.09222174736884331,0.012409113795292215
2020-06-04,-0.0026019258865804117,-0.0007967880275708444,0.0014244777540284304,0.176932080473731,0.19254729971286363,0.28699031286330623,-0.002221265781599275,-0.0944430131504426,0.012037458853890522
2020-06-05,-4.985410001340608e-05,-0.0015381523872589101,-0.002312754430631614,0.1768822263737176,0.19100914732560473,0.2846775584326746,0.0007746020433727038,-0.09366841110706989,0.01185392930794443
2020-06-08,0.000957684926278959,0.0059461511857525125,0.006792552189034851,0.17783991129999654,0.19695529851135724,0.29147011062170947,-0.000846401003282338,-0.09451481211035223,0.011675512274951623
2020-06-09,0.008280639778294683,0.00231322584730718,0.001155623353225721,0.18612055107829123,0.1992685243586644,0.2926257339749352,0.001157602494081459,-0.09335720961627078,0.012130332808586214
2020-06-10,-0.002104953434277352,-0.004415585088029626,-0.0036290491122681345,0.18401559764401387,0.19485293927063477,0.28899668486266705,-0.0007865359757614912,-0.09414374559203229,0.012070623684633543
2020-06-11,0.0018216960768928502,0.0009115444832260484,0.0006240204583463083,0.1858372937209067,0.19576448375386082,0.28962070532101336,0.00028752402487974013,-0.09385622156715254,0.011870485871046988
2020-06-12,-0.005465958180917284,-0.0014951322501581819,-0.0003673759184721348,0.18037133553998944,0.19426935150370264,0.2892533294025412,-0.001127756331686047,-0.09498397789883858,0.011853385437503892
2020-06-15,0.00023240265825153668,0.0156455635733857,0.020152314235335922,0.18060373819824097,0.20991491507708834,0.30940564363787715,-0.004506750661950221,-0.0994907285607888,0.01212622791654835
2020-06-16,-0.0007125669115049243,0.002779796551403625,0.004291356404170443,0.17989117128673604,0.21269471162849196,0.3136970000420476,-0.001511559852766818,-0.10100228841355563,0.016381723602771604
2020-06-17,-0.0012112490086996584,-0.002491525587027241,-0.004680967811193426,0.1786799222780364,0.2102031860414647,0.30901603223085417,0.002189442224166185,-0.09881284618938946,0.015856782228188548
2020-06-18,0.004376556134806275,0.007307170182562901,0.006131306774724621,0.18305647841284267,0.21751035622402762,0.3151473390055788,0.0011758634078382806,-0.09763698278155117,0.015257993134211547
2020-06-19,0.00010278881522104413,0.00425323862848,0.006590050446622087,0.18315926722806372,0.22176359485250763,0.3217373894522009,-0.0023368118181420865,-0.09997379459969324,0.015210852862094362
2020-06-22,0.003632304442551255,0.0014342832137620636,0.0017455648404709478,0.18679157167061497,0.2231978780662697,0.3234829542926718,-0.0003112816267088843,-0.10028507622640212,0.015091826762967853
2020-06-23,0.003226188406250872,-0.0006734040373521167,-0.001817323811605931,0.19001776007686585,0.2225244740289176,0.3216656304810659,0.0011439197742538142,-0.0991411564521483,0.014996069033615975
2020-06-24,0.007165597405093207,-8.462863055200764e-05,-0.002602793380150459,0.19718335748195906,0.2224398453983656,0.31906283710091543,0.0025181647495984513,-0.09662299170254984,0.014918824708972366
2020-06-29,0.0010488931428524,0.015949680220048272,0.01726561810539451,0.19823225062481145,0.23838952561841387,0.33632845520630994,-0.001315937885346237,-0.09793892958789607,0.014931116347924794
2020-06-30,-0.0006260929296036746,0.0033433832302914458,0.003130236931379926,0.19760615769520778,0.24173290884870532,0.33945869213768987,0.00021314629891151966,-0.09772578328898454,0.015485813502446693
2020-07-01,-0.007558643452584656,0.00847981800201552,0.011696459803474113,0.19004751424262312,0.2502127268507208,0.351155151941164,-0.003216641801458593,-0.10094242509044316,0.015392836766849601
2020-07-02,-0.0036337089266822694,0.005543427592239424,0.009990832702483132,0.18641380531594084,0.25575615444296024,0.3611459846436471,-0.004447405110243708,-0.10538983020068687,0.015273281888811883
2020-07-03,-0.009817076054070817,0.03173995356470298,0.037513598030283646,0.17659672926187003,0.28749610800766323,0.39865958267393076,-0.005773644465580666,-0.11116347466626753,0.015082117874361426
2020-07-06,0.006920385948774572,0.015083200978437884,0.013566324645497119,0.1835171152106446,0.30257930898610114,0.4122259073194279,0.0015168763329407656,-0.10964659833332674,0.01464456434983527
2020-07-07,-0.0055641993295982685,0.019421631218394773,0.022642102075563386,0.17795291588104634,0.32200094020449593,0.43486800939499126,-0.0032204708571686134,-0.11286706919049533,0.01445877547685236
2020-07-08,-0.0021187105072704906,0.02591917156536278,0.029414051455324497,0.17583420537377584,0.3479201117698587,0.46428206085031576,-0.0034948798899617183,-0.11636194908045705,0.01461035001358916
2020-07-09,0.00712111862741968,-0.0036244307583882447,-0.004430828919998575,0.18295532400119552,0.34429568101147046,0.4598512319303172,0.0008063981616103304,-0.11555555091884673,0.01378514874284697
2020-07-10,0.0026476580982112015,0.03523305841087035,0.034725202179352266,0.18560298209940673,0.3795287394223408,0.49457643410966945,0.0005078562315180835,-0.11504769468732867,0.01357539310907142
2020-07-13,-0.0008908535378899403,-0.008097915677990411,-0.007878778380771223,0.18471212856151678,0.3714308237443504,0.4866976557288982,-0.00021913729721918795,-0.11526683198454785,0.013773211663288864
2020-07-14,0.006257457256880775,-0.027954222059384932,-0.029501634548363853,0.19096958581839757,0.34347660168496547,0.4571960211805344,0.0015474124889789213,-0.11371941949556891,0.013926318830005125
2020-07-15,-0.0015507691044138803,-0.049935044431865055,-0.05376873819611738,0.1894188167139837,0.2935415572531004,0.403427282984417,0.0038336937642523272,-0.10988572573131661,0.009467273859519874
2020-07-16,0.008437652514413922,0.00324714182049022,0.002127300831121559,0.1978564692283976,0.2967886990735906,0.40555458381553855,0.0011198409893686608,-0.10876588474194793,0.009208574825059983
2020-07-17,-0.002973573790711191,0.033011371716059786,0.03355884810161136,0.19488289543768642,0.3298000707896504,0.4391134319171499,-0.0005474763855515749,-0.10931336112749951,0.009325058861507533
2020-07-20,0.005361720941156336,0.009551876638790134,0.007839864459027623,0.20024461637884275,0.33935194742844055,0.44695329637617753,0.001712012179762511,-0.10760134894773699,0.009575583382608065
2020-07-21,0.004610452784111184,0.010087431507249714,0.009415764430942275,0.20485506916295393,0.34943937893569027,0.4563690608071198,0.0006716670763074386,-0.10692968187142954,0.009306762537390595
2020-07-22,0.00881535165753458,0.0003309325494241949,-0.0008279959426644723,0.2136704208204885,0.34977031148511445,0.45554106486445534,0.0011589284920886672,-0.10577075337934089,0.009410125062274762
2020-07-23,-0.00800537057497057,-0.0489473279479675,-0.04820107805075935,0.20566505024551793,0.3008229835371469,0.407339986813696,-0.0007462498972081524,-0.10651700327654906,0.00918393202043722
2020-07-24,0.0018768432152352801,-0.00028352422689646527,0.00027916545024098127,0.20754189346075322,0.30053945931025045,0.40761915226393697,-0.0005626896771374465,-0.10707969295368652,0.010073284550239486
2020-07-27,-0.0027050203578434496,0.009361472168479481,0.010467880864050372,0.20483687310290977,0.30990093147872994,0.41808703312798734,-0.0011064086955708905,-0.1081861016492574,0.010970195231025655
2020-07-28,0.004767287033638988,0.029117998387984737,0.029113286380969328,0.20960416013654876,0.33901892986671467,0.44720031950895667,4.712007015409553e-06,-0.108181389642242,0.011375805543313763
2020-07-29,0.0010209765940280638,-0.0017125032228150624,-0.0016376752515352422,0.2106251367305768,0.3373064266438996,0.4455626442574214,-7.482797127982021e-05,-0.10825621761352183,0.04146475632479711
2020-07-30,0.004489269032002734,0.014955767926388999,0.013052610755575955,0.21511440576257954,0.35226219457028857,0.4586152550129974,0.0019031571708130433,-0.10635306044270881,0.04411926941205877
2020-07-31,-0.000606908601995291,0.02938225980100435,0.03193523420799771,0.21450749716058423,0.3816444543712929,0.4905504892209951,-0.0025529744069933587,-0.10890603484970218,0.043826312493863186
2020-08-03,0.0007987251470386822,-0.006059555251208268,-0.006415451394602201,0.21530622230762292,0.37558489912008464,0.4841350378263929,0.00035589614339393266,-0.10855013870630825,0.04368902751904626
2020-08-04,0.004298544201909133,0.011523021397586809,0.013691966019644397,0.21960476650953206,0.38710792051767146,0.4978270038460373,-0.0021689446220575885,-0.11071908332836583,0.04344948464186213
2020-08-05,-0.001002189494028042,-0.0008772808259220836,0.0007505810430536997,0.218602577015504,0.38623063969174937,0.498577584889091,-0.0016278618689757832,-0.11234694519734162,0.0417563982594003
2020-08-06,0.0017960421718500213,-0.010996677887119702,-0.01258491671223716,0.22039861918735404,0.37523396180462965,0.4859926681768538,0.0015882388251174575,-0.11075870637222418,0.04174065072987574
2020-08-07,-0.008343817623899194,0.0005620231902309224,0.0025921673716400306,0.21205480156345485,0.37579598499486055,0.48858483554849386,-0.0020301441814091084,-0.1127888505536333,0.04097241041756688
2020-08-10,1.781630929364631e-05,-0.018558371426296686,-0.019958627712881594,0.2120726178727485,0.35723761356856387,0.46862620783561226,0.0014002562865849076,-0.11138859426704839,0.04052303287364738
2020-08-11,-0.015168710191895073,-0.01778310449481221,-0.016929230147088248,0.19690390768085342,0.3394545090737517,0.451696977688524,-0.0008538743477239617,-0.11224246861477233,0.0402016183562635
2020-08-12,-0.004874746862660418,0.0010882660947697494,0.003037348193707601,0.192029160818193,0.34054277516852144,0.4547343258822316,-0.0019490820989378514,-0.11419155071371018,0.038789638024587694
2020-08-13,0.0017640300097007803,0.0087035941365322,0.009795720942978647,0.19379319082789376,0.34924636930505365,0.46453004682521026,-0.0010921268064464466,-0.11528367752015661,0.038616984362909335
2020-08-14,0.0002673862270774185,0.018432218382697742,0.02144654451482708,0.19406057705497118,0.3676785876877514,0.48597659134003734,-0.00301432613212934,-0.11829800365228593,0.03803514990370033
2020-08-17,0.004301669581853304,0.01079477438918248,0.00956591887841185,0.19836224663682447,0.3784733620769339,0.4955425102184492,0.0012288555107706298,-0.11706914814151531,0.03758154695426832
2020-08-18,-0.0058598843884483985,-0.021330971975679337,-0.021016181653669364,0.19250236224837608,0.35714239010125454,0.47452632856477983,-0.00031479032200997306,-0.1173839384635253,0.03802946131223387
2020-08-19,-0.005410105478901143,-0.014097526244141862,-0.014558089444975053,0.18709225676947494,0.3430448638571127,0.4599682391198048,0.000460563200833191,-0.11692337526269209,0.0378748026348716
2020-08-20,0.004976214162624374,0.006496092390435939,0.005996727051057249,0.1920684709320993,0.3495409562475486,0.465964966170862,0.00049936533937869,-0.11642400992331342,0.03789564392047109
2020-08-21,0.002298456656594893,0.00761800635558065,0.00821796620836679,0.1943669275886942,0.35715896260312924,0.4741829323792288,-0.0005999598527861392,-0.11702396977609958,0.03807048042176045
2020-08-24,-0.005358568130717322,-0.006449985912758618,-0.005523842045230154,0.18900835945797687,0.3507089766903706,0.46865909033399866,-0.0009261438675284639,-0.11795011364362806,0.037902891696384125
2020-08-25,-0.0034755935510689907,-0.02379584366147675,-0.024658699834271047,0.18553276590690787,0.32691313302889385,0.4440003904997276,0.0008628561727942984,-0.11708725747083376,0.0391564186929689
2020-08-26,0.0003763404713331481,0.010616894114712798,0.01071620943876539,0.185909106378241,0.33753002714360664,0.454716599938493,-9.931532405259118e-05,-0.11718657279488637,0.020942099343052415
2020-08-27,0.008047535966489763,0.013011235127397228,0.012707851098193501,0.19395664234473078,0.35054126227100385,0.4674244510366865,0.00030338402920372654,-0.11688318876568266,0.02323452289715433
2020-08-28,0.0024472022629809837,0.0031045375036801485,0.0026702393635158472,0.19640384460771176,0.353645799774684,0.47009469040020235,0.00043429814016430123,-0.11644889062551833,0.021493619614622823
2020-08-31,7.164563889958539e-06,0.0042008246387100915,0.004811382779042361,0.19641100917160173,0.3578466244133941,0.4749060731792447,-0.0006105581403322699,-0.11705944876585062,0.019757894175799574
2020-09-01,-0.008213038402101056,-0.00040585296038913416,0.0018906641737945762,0.18819797076950068,0.35744077145300496,0.4767967373530393,-0.0022965171341837102,-0.11935596590003433,0.020148606578228017
2020-09-02,-0.006248624309030542,-0.014391379902612753,-0.011445419519214184,0.18194934646047015,0.3430493915503922,0.4653513178338251,-0.002945960383398569,-0.1223019262834329,0.02100460618673549
2020-09-03,-0.008983859443992765,-0.002783543403153666,-0.0010792261555163662,0.17296548701647738,0.34026584814723854,0.46427209167830874,-0.0017043172476372999,-0.1240062435310702,0.020835458607445092
2020-09-04,-0.016063728117631692,-0.022076963385050167,-0.017545006934803098,0.1569017588988457,0.3181888847621884,0.44672708474350564,-0.004531956450247069,-0.12853819998131727,0.022127721955919655
2020-09-07,-0.0134646663122197,0.0018657484243620873,0.006481829321982602,0.14343709258662599,0.3200546331865505,0.45320891406548824,-0.004616080897620514,-0.13315428087893777,0.02349002465257862
2020-09-08,-0.010580517695373487,-0.03472207365905953,-0.03225933506055334,0.1328565748912525,0.2853325595274909,0.4209495790049349,-0.002462738598506188,-0.13561701947744398,0.025556451880587132
2020-09-09,0.017448227291513015,-0.02985168064527384,-0.036078670463785656,0.1503048021827655,0.2554808788822171,0.38487090854114925,0.006226989818511816,-0.12939002965893215,0.02649519130240037
2020-09-10,0.005655920281120331,0.017387745720404097,0.01617405300167718,0.15596072246388584,0.2728686246026212,0.40104496154282643,0.0012136927187269171,-0.12817633694020525,0.02786354435601106
2020-09-11,-0.0020199193010959375,0.013812026838431113,0.015643575907549945,0.1539408031627899,0.2866806514410523,0.4166885374503764,-0.0018315490691188322,-0.13000788600932406,0.029829617284212493
2020-09-14,0.009884348365763405,0.007947460826516225,0.004840116448981746,0.16382515152855331,0.2946281122675685,0.4215286538993581,0.003107344377534479,-0.1269005416317896,0.027958124068229794
2020-09-15,0.00018637853367996744,-0.009146129257190466,-0.010029557736736194,0.1640115300622333,0.2854819830103781,0.4114990961626219,0.0008834284795457281,-0.12601711315224384,0.028201198644432688
2020-09-16,-3.958727798941264e-05,0.0015295935352202669,0.0017951086571912356,0.16397194278424387,0.28701157654559833,0.41329420481981316,-0.0002655151219709687,-0.12628262827421483,0.0312169609961475
2020-09-17,0.0037322385205832793,0.015974581822877452,0.015211549071908692,0.16770418130482714,0.3029861583684758,0.42850575389172185,0.0007630327509687597,-0.12551959552324604,0.03052866787323398
2020-09-18,-0.0029694007228524325,-0.001647551950849865,-0.00037200086999256143,0.16473478058197472,0.30133860641762594,0.4281337530217293,-0.0012755510808573035,-0.12679514660410335,0.027910395637419608
2020-09-21,-0.0010843384766361522,-0.016138362921690394,-0.01621414683831901,0.16365044210533855,0.28520024349593553,0.4119196061834103,7.578391662861617e-05,-0.12671936268747475,0.02766698185922773
2020-09-22,0.00629537437477074,0.008626503985123159,0.006899565102074234,0.16994581648010929,0.2938267474810587,0.4188191712854845,0.0017269388830489247,-0.12499242380442582,0.02672893608779788
2020-09-23,-0.0018097502674454874,-0.028100890485474136,-0.02774769135695898,0.1681360662126638,0.26572585699558454,0.39107147992852553,-0.00035319912851515534,-0.125345622932941,0.029365482951255188
2020-09-24,0.0014906712390785626,-0.005042210150260132,-0.006125429764033186,0.16962673745174237,0.2606836468453244,0.38494605016449235,0.001083219613773054,-0.12426240331916794,0.029877954680017398
2020-09-25,-0.00014981327805176932,-0.014707128054275447,-0.012745147164826776,0.1694769241736906,0.24597651879104895,0.3722009029996656,-0.0019619808894486713,-0.12622438420861662,0.02967911393527565
2020-09-28,0.000881759345350228,0.008625753514147747,0.010729835055750314,0.17035868351904082,0.2546022723051967,0.3829307380554159,-0.0021040815416025673,-0.12832846575021917,0.02844974922070024
2020-09-29,0.002576836342050317,-6.933804545934386e-05,-0.0005851253069302231,0.17293551986109112,0.2545329342597374,0.38234561274848566,0.0005157872614708793,-0.12781267848874828,0.030166565405597846
2020-09-30,0.0015470851638127877,0.02885691753440718,0.030540063542900953,0.17448260502490393,0.28338985179414455,0.4128856762913866,-0.0016831460084937716,-0.12949582449724206,0.02699260872128156
2020-10-09,2.427870312491543e-05,0.028630555631148507,0.030872811491317265,0.17450688372802883,0.3120204074252931,0.4437584877827039,-0.0022422558601687577,-0.1317380803574108,0.026922170380881454
2020-10-12,0.007080982883197588,0.005671704277030498,0.002497604871859238,0.18158786661122642,0.3176921117023236,0.4462560926545631,0.00317409940517126,-0.12856398095223953,0.024970442752113596
2020-10-13,0.004584104150190383,-0.007949342561235194,-0.009295006144309781,0.1861719707614168,0.3097427691410884,0.43696108651025334,0.0013456635830745873,-0.12721831736916495,0.02477951494330712
2020-10-14,-0.00019367110082104202,-0.00907021686792212,-0.008876936362382182,0.18597829966059576,0.30067255227316625,0.42808415014787116,-0.00019328050553993857,-0.1274115978747049,0.025375189708056613
2020-10-15,-0.0027929003040147687,-0.0034849695927687795,-0.002957791963218881,0.18318539935658099,0.29718758268039747,0.4251263581846523,-0.0005271776295498985,-0.1279387755042548,0.023838542619566926
2020-10-16,-0.006342990582412715,-0.009071493057108854,-0.006979090147060774,0.17684240877416826,0.2881160896232886,0.4181472680375915,-0.0020924029100480804,-0.1300311784143029,0.025316060695549827
2020-10-19,0.0046206071058935315,0.011677152914095476,0.009436962618384115,0.1814630158800618,0.2997932425373841,0.4275842306559756,0.002240190295711361,-0.12779098811859152,0.024761088375512413
2020-10-20,-0.0019440465067956105,-0.015963957281946554,-0.015765014251149623,0.1795189693732662,0.28382928525543755,0.411819216404826,-0.00019894303079693101,-0.12798993114938845,0.025269295679997566
2020-10-21,-0.0016537175241363633,-0.0065918213982980155,-0.006371673615642948,0.17786525184912982,0.27723746385713954,0.40544754278918305,-0.0002201477826550679,-0.1282100789320435,0.02409468122247413
2020-10-22,-0.009418431545896897,-0.02220712808429246,-0.01945588428367273,0.16844682030323294,0.25503033577284706,0.3859916585055103,-0.0027512438006197307,-0.13096132273266325,0.025139222435607084
2020-10-23,0.008407562271919819,0.004085086054669982,0.0010822997390924627,0.17685438257515276,0.25911542182751707,0.3870739582446028,0.0030027863155775193,-0.1279585364170857,0.0244467611359049
2020-10-26,0.008398429436572721,0.006502924186783019,0.005103371735005524,0.1852528120117255,0.26561834601430007,0.3921773299796083,0.0013995524517774948,-0.12655898396530824,0.02527912459006956
2020-10-27,0.003763406294762823,0.0012125877798269786,0.00043258636584120325,0.18901621830648832,0.26683093379412703,0.3926099163454495,0.0007800014139857753,-0.12577898255132247,0.02751691467190107
2020-10-28,0.003952129549910581,-0.0009930786054693065,-0.001599875109320692,0.1929683478563989,0.2658378551886577,0.3910100412361288,0.0006067965038513855,-0.1251721860474711,0.027831093767337476
2020-10-29,0.0006663603489248173,-0.025987735632057345,-0.02481320168061174,0.19363470820532372,0.23985011955660038,0.3661968395555171,-0.0011745339514456048,-0.1263467199989167,0.02801955820818574
2020-10-30,0.009407782429961558,0.002563144998399285,0.0004038251055042963,0.2030424906352853,0.24241326455499967,0.36660066466102137,0.0021593198928949887,-0.1241874001060217,0.027801339088764795
2020-11-02,-0.00828121708616416,0.016115176145897966,0.020330996175140115,0.19476127354912112,0.25852844070089764,0.3869316608361615,-0.004215820029242149,-0.12840322013526384,0.027482914819862574
2020-11-03,0.003437803497976588,-0.0008917786401178249,-0.0022428490681676294,0.19819907704709772,0.25763666206077984,0.38468881176799385,0.0013510704280498046,-0.127052149707214,0.027186415782283743
2020-11-04,0.0017709156497155252,0.01789892024405302,0.01826621800024064,0.19996999269681323,0.2755355823048329,0.4029550297682345,-0.000367297756187622,-0.1274194474634016,0.025062810150816635
2020-11-05,-0.008575297622029647,-0.013502266536476366,-0.009861596450981835,0.19139469507478357,0.26203331576835653,0.39309343331725266,-0.0036406700854945302,-0.13106011754889613,0.024592900830279582
2020-11-06,-0.0013574376687231608,0.021708785977317593,0.024124258819128386,0.19003725740606042,0.2837421017456741,0.41721769213638105,-0.002415472841810793,-0.13347559039070694,0.024158838497383046
2020-11-09,-0.0032757792500517466,-0.011617277089646114,-0.010636176671910746,0.1867614781560087,0.272124824656028,0.4065815154644703,-0.0009811004177353675,-0.1344566908084423,0.02600993576715249
2020-11-10,-0.008101779157494614,-0.01995359436804386,-0.017222473246574665,0.17865969899851408,0.25217123028798416,0.38935904221789563,-0.0027311211214691954,-0.13718781192991147,0.025682643728646433
2020-11-11,0.0011700561863692027,0.0016448988692177155,0.0019026924375058485,0.17982975518488328,0.25381612915720186,0.3912617346554015,-0.000257793568288133,-0.13744560549819962,0.026830117104418898
2020-11-12,0.001728527236783013,0.002183050850613756,0.0014921112344286058,0.1815582824216663,0.25599918000781563,0.3927538458898301,0.00069093961618515,-0.13675466588201446,0.026966450281402054
2020-11-13,-0.003036136994398676,0.007004727843232945,0.009143770332553203,0.17852214542726763,0.2630039078510486,0.4018976162223833,-0.0021390424893202578,-0.1388937083713347,0.026783754663082717
2020-11-16,-0.004016942171182685,-0.010399060703088147,-0.009842133608820802,0.17450520325608496,0.25260484714796044,0.3920554826135625,-0.0005569270942673444,-0.13945063546560205,0.02631068319009205
2020-11-17,-0.005678459137362627,-0.0017305595099045092,6.007251715267614e-05,0.16882674411872234,0.2508742876380559,0.39211555513071517,-0.0017906320270571854,-0.14124126749265925,0.026063371851161476
2020-11-18,0.0033622787015323693,0.005696770056936668,0.005422672884170865,0.1721890228202547,0.2565710576949926,0.39753822801488603,0.00027409717276580346,-0.14096717031989342,0.02699052677371319
2020-11-19,0.001107588672919079,0.00688442070838841,0.007060318399078724,0.17329661149317377,0.263455478403381,0.40459854641396475,-0.00017589769069031435,-0.14114306801058374,0.026885537756412323
2020-11-20,0.001488256077858947,0.006816743530959537,0.006137883024271318,0.1747848675710327,0.27027222193434053,0.4107364294382361,0.000678860506688219,-0.14046420750389554,0.02678454796998112
2020-11-23,-0.0011264884251232343,-0.0003620955495244204,4.111425688435588e-05,0.17365837914590948,0.2699101263848161,0.41077754369512043,-0.00040320980640877626,-0.14086741731030433,0.024694500893134966
2020-11-24,-0.009597233953778091,-0.019719368792729567,-0.017204069815417,0.16406114519213139,0.25019075759208653,0.39357347387970343,-0.002515298977312567,-0.1433827162876169,0.02466513666296097
2020-11-25,-0.002167494145181135,-0.008790185984827666,-0.007302482605226146,0.16189365104695025,0.24140057160725886,0.3862709912744773,-0.0014877033796015203,-0.14487041966721842,0.02504255954919227
2020-11-26,-0.003927022556095521,-0.001859266720700134,-0.00021245080418275109,0.15796662849085472,0.23954130488655873,0.38605854047029453,-0.0016468159165173829,-0.1465172355837358,0.024937750749894502
2020-11-27,-0.005957331300687561,-0.006490897496798596,-0.00292732505761073,0.15200929719016715,0.23305040738976013,0.3831312154126838,-0.003563572439187866,-0.15008080802292367,0.02573886971533675
2020-11-30,0.0022907624333257147,0.013394505446020189,0.013628569852579986,0.15430005962349286,0.24644491283578032,0.3967597852652638,-0.00023406440655979709,-0.15031487242948346,0.024287517732739083
2020-12-01,-0.006723029236962808,-0.0009299064861654524,0.0033432697440716197,0.14757703038653006,0.24551500634961487,0.4001030550093354,-0.0042731762302370725,-0.15458804865972053,0.023793502408291835
2020-12-02,-0.004296882535466013,-0.005026543161547665,-0.0035499576308737346,0.14328014785106405,0.24048846318806721,0.39655309737846167,-0.00147658553067393,-0.15606463419039446,0.022919697169343962
2020-12-03,0.002696764155657028,0.0046534415946104905,0.005169483792002438,0.14597691200672108,0.2451419047826777,0.4017225811704641,-0.0005160421973919478,-0.15658067638778642,0.023427717024373542
2020-12-04,7.811791203871743e-05,-0.002924879106843155,-0.002021940235191977,0.1460550299187598,0.24221702567583453,0.39970064093527213,-0.0009029388716511782,-0.1574836152594376,0.02285960742763924
2020-12-07,0.005559483900556436,0.0016549267638806332,0.00020345466083071528,0.15161451381931623,0.24387195243971516,0.39990409559610285,0.0014514721030499179,-0.1560321431563877,0.022208537228539108
2020-12-08,0.00026387324758724907,-0.01993393902996983,-0.019773681883183514,0.1518783870669035,0.22393801340974534,0.38013041371291934,-0.0001602571467863162,-0.156192400303174,0.02342200476014713
2020-12-09,0.0029998358873944094,-0.00015238664889037954,0.0004050513558180313,0.1548782229542979,0.22378562676085495,0.38053546506873737,-0.0005574380047084109,-0.15674983830788242,0.02324608824317672
2020-12-10,0.0006990985157100052,-0.017495283539522295,-0.016324698233807666,0.1555773214700079,0.20629034322133266,0.3642107668349297,-0.001170585305714629,-0.15792042361359704,0.025124198256468937
2020-12-11,0.01105419196207841,0.013240516772189318,0.012019520344651369,0.16663151343208632,0.21953085999352198,0.37623028717958107,0.0012209964275379497,-0.1566994271860591,0.025361954569015376
2020-12-14,0.0019930207686028505,0.003067273268152031,0.0029889072764017754,0.16862453420068918,0.22259813326167402,0.37921919445598284,7.836599175025565e-05,-0.15662106119430882,0.024250453748558793
2020-12-15,0.004067840209306624,-0.006560591131328385,-0.00808849833748937,0.1726923744099958,0.21603754213034562,0.3711306961184935,0.0015279072061609843,-0.15509315398814785,0.026688142269426455
2020-12-16,0.0014976638973889205,0.0070525369517171425,0.008294131613746814,0.17419003830738472,0.22309007908206277,0.3794248277322403,-0.001241594662029671,-0.15633474865017752,0.025567309947636598
2020-12-17,0.0024911939901771695,-0.002053724806465581,-0.003713543300058575,0.17668123229756189,0.2210363542755972,0.3757112844321817,0.0016598184935929937,-0.1546749301565845,0.026486171508806822
2020-12-18,0.007245186571130421,0.016370346713354342,0.017819524852420443,0.18392641886869232,0.23740670098895156,0.39353080928460216,-0.0014491781390661013,-0.1561241082956506,0.025330093977830176
2020-12-21,-0.002407201781590341,-0.01847774568867671,-0.021390897076315696,0.18151921708710198,0.21892895530027484,0.37213991220828646,0.002913151387638986,-0.15321095690801162,0.02549455036691288
2020-12-22,0.006257948097044855,0.007710876820692978,0.007797571604031717,0.18777716518414683,0.22663983212096783,0.3799374838123182,-8.66947833387385e-05,-0.15329765169135035,0.025065998873252494
2020-12-23,0.003417999878368043,-0.013951711626130278,-0.016021178548641046,0.19119516506251488,0.21268812049483754,0.36391630526367713,0.002069466922510768,-0.1512281847688396,0.02613083744216718
2020-12-24,0.004689362374120394,0.008808968132357589,0.009948157649830591,0.1958845274366353,0.22149708862719514,0.3738644629135077,-0.0011391895174730025,-0.15236737428631258,0.026211917248211106
2020-12-25,0.009578770845668914,-0.0050119263669025,-0.006391629553457179,0.2054632982823042,0.21648516226029263,0.36747283336005054,0.0013797031865546792,-0.15098767109975791,0.025631757678743667
2020-12-28,-0.014054832197160357,-0.00916486949681155,-0.0064954551394880156,0.19140846608514384,0.20732029276348107,0.36097737822056253,-0.0026694143573235338,-0.15365708545708145,0.024428417307479033
2020-12-29,0.006951772146750185,0.007739024758115286,0.007630960603107084,0.19836023823189403,0.21505931752159635,0.3686083388236696,0.00010806415500820218,-0.15354902130207326,0.02495130821364152
2020-12-30,0.0007645011732668159,0.015855999523932966,0.018157608760803967,0.19912473940516084,0.2309153170455293,0.3867659475844736,-0.0023016092368710016,-0.15585063053894427,0.02496616304395434
2020-12-31,0.0,0.0,0.0,0.19912473940516084,0.2309153170455293,0.3867659475844736,0.0,-0.15585063053894427,0.02513452821886652
